Workbook

Sheet DIN V 18599-10
A1: Bezeichnung | B1: Nr. | C1: Wärmequelle Personen [W/p] | D1: Arbeitshilfen tief [W/m²] | E1: Arbeitshilfen mittel [W/m²] | F1: Arbeitshilfen hoch [W/m²] | G1: Nutzungszeit Start | H1: Nutzungszeit Ende
A2: Einzelbüro | B2: 1 | C2: 70 | D2: 2.8 | E2: 7.1 | F2: 15 | G2: 7 | H2: 18 | I2: 0.114
A3: Gruppenbüro (2 bis 6 Arbeitsplätze) | B3: 2 | C3: 70 | D3: 2.8 | E3: 7.1 | F3: 15 | G3: 7 | H3: 18 | I3: 0.085
A4: Großraumbüro (ab 7 Arbeitsplätze) | B4: 3 | C4: 70 | D4: 4.2 | E4: 10 | F4: 18.8 | G4: 7 | H4: 18 | I4: 0.019
A5: Besprechung/Sitzungszimmer/Seminar | B5: 4 | C5: 70 | D5: 1 | E5: 2 | F5: 3 | G5: 7 | H5: 18 | I5: 0.095
A6: Schalterhalle | B6: 5 | C6: 70 | D6: 1.5 | E6: 4 | F6: 9.5 | G6: 7 | H6: 18
A7: Einzelhandel/Kaufhaus | B7: 6 | C7: 70 | D7: 1 | E7: 2 | F7: 3 | G7: 8 | H7: 20
A8: Einzelhandel/Kaufhaus (Lebensmittelabteilung mit Kühlprodukten) | B8: 7 | C8: 70 | D8: -12 | E8: -10 | F8: -8 | G8: 8 | H8: 20
A9: Klassenzimmer (Schule), Gruppenraum (Kindergarten) | B9: 8 | C9: 60 | D9: 2 | E9: 4 | F9: 6 | G9: 8 | H9: 15
A10: Hörsaal, Auditorium | B10: 9 | C10: 70 | D10: 2 | E10: 4 | F10: 6 | G10: 8 | H10: 18 | I10: 0.036
A11: Bettenzimmer (Zweibettzimmer im Krankenhaus, Pflegeheim) | B11: 10 | C11: 70 | D11: 2 | E11: 4 | F11: 6 | G11: 0 | H11: 24
A12: Hotelzimmer (Doppelzimmer) | B12: 11 | C12: 70 | D12: 2 | E12: 4 | F12: 6 | G12: 21 | H12: 8
A13: Kantine (Kantine) | B13: 12 | C13: 70 | D13: 1 | E13: 2 | F13: 3 | G13: 8 | H13: 15
A14: Kantine (Restaurant) | B14: 13 | C14: 70 | D14: 1 | E14: 2 | F14: 3 | G14: 10 | H14: 24
A15: Küche in Nichtwohngebäuden | B15: 14 | C15: 80 | D15: 200 | E15: 300 | F15: 400 | G15: 10 | H15: 23
A16: Küche (Vorbereitung, Lager) | B16: 15 | C16: 80 | D16: 20 | E16: 30 | F16: 40 | G16: 10 | H16: 23
A17: WC und Sanitärräume in Nichtwohngebäuden | B17: 16 | C17: 70 | D17: 0 | E17: 0 | F17: 0 | G17: 7 | H17: 18 | I17: 0.026
A18: Sonstige Aufenthaltsräume (Pausenraum, Wartezimmer) | B18: 17 | C18: 70 | D18: 1 | E18: 2 | F18: 3 | G18: 7 | H18: 18 | I18: 0.048
A19: Sonstige Aufenthaltsräume (Garderobe, Teeküche, Lager, Archiv, Flur) | B19: 18 | C19: 70 | D19: 0 | E19: 0 | F19: 0 | G19: 7 | H19: 18 | I19: 0.017
A20: Verkehrsfläche (Flur) | B20: 19 | C20: 70 | D20: 0 | E20: 0 | F20: 0 | G20: 7 | H20: 18 | I20: 0.249
A21: Lager (Technik, Archiv) | B21: 20 | C21: 70 | D21: 0 | E21: 0 | F21: 0 | G21: 7 | H21: 18 | I21: 0.165
A22: Rechenzentrum | B22: 21 | C22: 70 | D22: 50 | E22: 150 | F22: 500 | G22: 0 | H22: 24
A23: Gewerbliche und industrielle Hallen (schwere Arbeit, stehende Tätigkeit) | B23: 22.1 | C23: 120 | D23: 25 | E23: 35 | F23: 45 | G23: 7 | H23: 16
A24: Gewerbliche und industrielle Hallen (mittelschwere Arbeit, überw. stehende Tätigkeit) | B24: 22.2 | C24: 100 | D24: 25 | E24: 35 | F24: 45 | G24: 7 | H24: 16
A25: Gewerbliche und industrielle Hallen (leichte Arbeit, überw. sitzende Tätigkeit) | B25: 22.3 | C25: 80 | D25: 25 | E25: 35 | F25: 45 | G25: 7 | H25: 16 | I25: 0.027
A26: Zuschauerbereich (Theater, Veranstaltungsbauten) | B26: 23 | C26: 70 | D26: 0 | E26: 0 | F26: 0 | G26: 19 | H26: 23
A27: Theater (Foyer) | B27: 24 | C27: 70 | D27: 0 | E27: 0 | F27: 0 | G27: 19 | H27: 23
A28: Bühne (Theater, Veranstaltungsbauten) | B28: 25 | C28: 70 | D28: 0 | E28: 0 | F28: 0 | G28: 13 | H28: 23
A29: Messe/Kongress | B29: 26 | C29: 70 | D29: 1 | E29: 2 | F29: 3 | G29: 13 | H29: 18
A30: Ausstellungsräume, Museum | B30: 27 | C30: 70 | D30: 0 | E30: 0 | F30: 0 | G30: 10 | H30: 18
A31: Bibliothek - Lesesaal | B31: 28 | C31: 70 | D31: 0 | E31: 0 | F31: 0 | G31: 8 | H31: 20 | I31: 0.031
A32: Bibliothek - Freihandbereich | B32: 29 | C32: 70 | D32: 0 | E32: 0 | F32: 0 | G32: 8 | H32: 20
A33: Bibliothek - Magazin und Depot | B33: 30 | C33: 70 | D33: 0 | E33: 0 | F33: 0 | G33: 8 | H33: 20
A34: Turnhalle (ohne Zuschauerbereich) | B34: 31 | C34: 125 | D34: 0 | E34: 0 | F34: 0 | G34: 8 | H34: 23
A35: Parkhaus (Büro- und Privatnutzung) | B35: 32 | C35: 70 | D35: 0 | E35: 0 | F35: 0 | G35: 7 | H35: 18
A36: Parkhaus (öffentliche Nutzung) | B36: 33 | C36: 70 | D36: 0 | E36: 0 | F36: 0 | G36: 9 | H36: 24
A37: Saunabereich | B37: 34 | C37: 70 | D37: 40 | E37: 50 | F37: 60 | G37: 10 | H37: 22
A38: Fitnessraum | B38: 35 | C38: 110 | D38: 1 | E38: 2 | F38: 3 | G38: 8 | H38: 23
A39: Labor | B39: 36 | C39: 90 | D39: 6 | E39: 18 | F39: 63 | G39: 7 | H39: 18 | I39: 0.088
A40: Fitnessraum (Untersuchungs- und Behandlungsräume) | B40: 37 | C40: 70 | D40: 4 | E40: 7 | F40: 10 | G40: 7 | H40: 18
A41: Spezialpflegebereiche (Aufwachräume, Intensivmedizin, Spezialpflege, Frühgeborene) | B41: 38 | C41: 70 | D41: 6 | E41: 9.5 | F41: 13 | G41: 0 | H41: 24
A42: Flure des allgmeinen Pflegebereichs | B42: 39 | C42: 70 | D42: 0 | E42: 0 | F42: 0 | G42: 0 | H42: 24
A43: Arztpraxen und theratpeutische Praxen | B43: 40 | C43: 70 | D43: 3 | E43: 5 | F43: 7 | G43: 8 | H43: 18
A44: Lagerhallen, Logistikhallen | B44: 41 | C44: 70 | D44: 0 | E44: 0 | F44: 0 | G44: 0 | H44: 24
A45: Wohnen (EFH) | B45: 42 | C45: 80 | D45: 3.7 | E45: 5.6 | F45: 8.4 | G45: 0 | H45: 24
A46: Wohnen (MFH) | B46: 43 | C46: 80 | D46: 4.8 | E46: 7.2 | F46: 10.8 | G46: 0 | H46: 24
A47: Wohnen | B47: 44 | C47: 80 | D47: 4.3 | E47: 6.4 | F47: 9.6 | G47: 0 | H47: 24

Sheet SIA 2024
A1: Bezeichnung | B1: Gebäudekategorie | C1: Nr. | D1: Wärmequelle Personen [W/p] | E1: Arbeitshilfen Standard [W/m²] | F1: Arbeitshilfen Zielwert [W/m²] | G1: Arbeitshilfen Bestand [W/m²] | H1: Nutzungszeit Start | I1: Nutzungszeit Ende | J1: Außenluftvolumenstrom
A2: Wohnen MFH | B2: Wohnen | C2: 1.1 | D2: 70 | E2: 8 | F2: 4 | G2: 10 | H2: 0 | I2: 24 | J2: 1
A3: Wohnen EFH | B3: Wohnen | C3: 1.2 | D3: 70 | E3: 8 | F3: 4 | G3: 10 | H3: 0 | I3: 24 | J3: 0.6
A4: Hotelzimmer | B4: Hotel | C4: 2.1 | D4: 70 | E4: 8 | F4: 4 | G4: 10 | H4: 17 | I4: 12 | J4: 2.4
A5: Empfang, Lobby | B5: Hotel | C5: 2.2 | D5: 70 | E5: 7 | F5: 3 | G5: 15 | H5: 4 | I5: 24 | J5: 7.2
A6: Einzel-, Gruppenbüro | B6: Verwaltung | C6: 3.1 | D6: 70 | E6: 7 | F6: 3 | G6: 15 | H6: 7 | I6: 18 | J6: 2.6
A7: Großraumbüro | B7: Verwaltung | C7: 3.2 | D7: 70 | E7: 10 | F7: 4 | G7: 19 | H7: 7 | I7: 18 | J7: 3.6
A8: Sitzungszimmer | B8: Verwaltung | C8: 3.3 | D8: 70 | E8: 2 | F8: 1 | G8: 3 | H8: 9 | I8: 17 | J8: 12
A9: Schalterhalle, Empfang | B9: Verwaltung | C9: 3.4 | D9: 70 | E9: 4 | F9: 1.5 | G9: 9.5 | H9: 7 | I9: 18 | J9: 2.5
A10: Schulzimmer | B10: Schulen | C10: 4.1 | D10: 70 | E10: 4 | F10: 2 | G10: 6 | H10: 7 | I10: 18 | J10: 8.3
A11: Lehrerzimmer | B11: Schulen | C11: 4.2 | D11: 70 | E11: 4 | F11: 2 | G11: 6 | H11: 7 | I11: 18 | J11: 12
A12: Bibliothek | B12: Schulen | C12: 4.3 | D12: 70 | E12: 2 | F12: 1 | G12: 3 | H12: 7 | I12: 18 | J12: 7.2
A13: Hörsaal | B13: Schulen | C13: 4.4 | D13: 70 | E13: 4 | F13: 2 | G13: 6 | H13: 7 | I13: 18 | J13: 15
A14: Schulfachraum | B14: Schulen | C14: 4.5 | D14: 70 | E14: 4 | F14: 1.5 | G14: 9.5 | H14: 7 | I14: 18 | J14: 6
A15: Lebensmittelverkauf | B15: Verkauf | C15: 5.1 | D15: 70 | E15: -10 | F15: -8 | G15: -12 | H15: 7 | I15: 20 | J15: 3.8
A16: Fachgeschäft | B16: Verkauf | C16: 5.2 | D16: 70 | E16: 2 | F16: 1 | G16: 3 | H16: 7 | I16: 20 | J16: 3.8
A17: Verkauf Möbel, Bau, Garten | B17: Verkauf | C17: 5.3 | D17: 70 | E17: 2 | F17: 1 | G17: 3 | H17: 7 | I17: 19 | J17: 2
A18: Restaurant | B18: Restaurant | C18: 6.1 | D18: 70 | E18: 2 | F18: 1 | G18: 3 | H18: 8 | I18: 24 | J18: 18
A19: Selbstbedienungsrestaurant | B19: Restaurant | C19: 6.2 | D19: 70 | E19: 2 | F19: 1 | G19: 3 | H19: 8 | I19: 15 | J19: 18
A20: Küche zu Restaurant | B20: Restaurant | C20: 6.3 | D20: 90 | E20: 200 | F20: 150 | G20: 250 | H20: 8 | I20: 23 | J20: 20
A21: Küche zu Selbstbedienungsrestaurant | B21: Restaurant | C21: 6.4 | D21: 90 | E21: 200 | F21: 150 | G21: 250 | H21: 7 | I21: 16 | J21: 20
A22: Vorstellungsraum | B22: Versammlungslokale | C22: 7.1 | D22: 70 | E22: 2 | F22: 1 | G22: 3 | H22: 12 | I22: 24 | J22: 12
A23: Mehrzweckhalle | B23: Versammlungslokale | C23: 7.2 | D23: 70 | E23: 4 | F23: 2 | G23: 6 | H23: 7 | I23: 23 | J23: 12
A24: Ausstellungshalle | B24: Versammlungslokale | C24: 7.3 | D24: 70 | E24: 7 | F24: 3 | G24: 15 | H24: 7 | I24: 23 | J24: 12
A25: Bettenzimmer | B25: Spitäler | C25: 8.1 | D25: 70 | E25: 4 | F25: 2 | G25: 6 | H25: 0 | I25: 24 | J25: 2.4
A26: Stationszimmer | B26: Spitäler | C26: 8.2 | D26: 70 | E26: 7 | F26: 3 | G26: 15 | H26: 0 | I26: 24 | J26: 12
... A42: Garderobe, Dusche | B42: zugeordnete Nutzungen | C42: 12.8 | D42: 70 | E42: 0 | F42: 0 | G42: 0 | H42: 7 | I42: 18 | J42: 20
A43: Parkhaus | B43: zugeordnete Nutzungen | C43: 12.9 | D43: 70 | E43: 1 | F43: 0.5 | G43: 2 | H43: 7 | I43: 18 | J43: 2
A44: Wasch- und Trockenraum | B44: zugeordnete Nutzungen | C44: 12.10 | D44: 70 | E44: 20 | F44: 15 | G44: 25 | H44: 7 | I44: 18 | J44: 4
A45: Kühlraum | B45: zugeordnete Nutzungen | C45: 12.11 | D45: 70 | E45: 0 | F45: 0 | G45: 0
A46: Serverraum | B46: zugeordnete Nutzungen | C46: 12.12 | D46: 70 | E46: 100 | F46: 50 | G46: 150 | H46: 7 | I46: 18 | J46: 2

Sheet MZA
A1: ID_Enob_lfd | B1: ID_HK_UK_Enob_long | C1: Bez_HK_Enob | D1: Bez_UK_Enob | E1: ID_Enob_lfd | F1: t_start | G1: t_end | H1: t_nutz_d | I1: d_nutz_a | J1: t_Tag | K1: t_Nacht | L1: t_v_op_d | M1: d_op_a | N1: t_h_op_d | O1: E_m | P1: h_Ne | Q1: k_A | R1: C_A | S1: k | T1: F_t | U1: k_VB | V1: theta_i_h_soll | W1: theta_i_c_soll | X1: deltaTheta_i_NA | Y1: theta_i_h_min | Z1: theta_i_c_max | AA1: Feuchte | AB1: Vd_A | AC1: Vd_A_Geb | AD1: c_RLT | AE1: F_RLT | AF1: q_I_p | AG1: q_I_fac | AI1: =F1 -> t_start | AJ1: =G1 -> t_end | AK1: =H1 -> t_nutz_d | AL1: =I1 -> d_nutz_a | AM1: =J1 -> t_Tag | AN1: =K1 -> t_Nacht | AO1: =L1 -> t_v_op_d | AP1: =M1 -> d_op_a | ... BJ1: =AG1 -> q_I_fac
A2: 1 | B2: HK_UK_1-0 | C2: Büro-, Verwaltungs- oder Amtsgebäude | E2: 1 | F2: 6.7636033 | G2: 18.345491 | H2: 11.581887 | I2: 256.56318 | J2: 2622.4483 | K2: 416.13092 | L2: 13.195568 | M2: 256.56318 | N2: 13.132597 | O2: 328.0346 | P2: 0.69262897 | Q2: 0.94388636 | R2: 0.49809137 | S2: 1.3379322 | T2: 0.87771349 | U2: 1.1176933 | V2: 20.906347 | W2: 24.033088 | X2: 3.9706969 | Y2: 19.900379 | Z2: 26.033088 | AA2: 0.59532715 | AB2: 5.0131547 | AC2: 1.7366067 | AD2: 0.23036084 | AE2: 0.86095232 | AF2: 70.472123 | AG2: 7.7181618 | AI2: =IF(MID(F2,2,1)=",",_xlfn.TEXTJOIN(".",FALSE,MID(F2,1,1),MID(F2,3,LEN(F2)-2)),IF(MID(F2,3,1)=",",_xlfn.TEXTJOIN(".",FALSE,MID(F2,1,2),MID(F2,4,LEN(F2)-3)),IF(MID(F2,4,1)=",",_xlfn.TEXTJOIN(".",FALSE,MID(F2,1,3),MID(F2,5,LEN(F2)-4)),IF(MID(F2,5,1)=",",_xlfn.TEXTJOIN(".",FALSE,MID(F2,1,4),MID(F2,6,LEN(F2)-5)),F2)))) -> 6.763603261 | AJ2: =IF(MID(G2,2,1)=",",_xlfn.TEXTJOIN(".",FALSE,MID(G2,1,1),MID(G2,3,LEN(G2)-2)),IF(MID(G2,3,1)=",",_xlfn.TEXTJOIN(".",FALSE,MID(G2,1,2),MID(G2,4,LEN(G2)-3)),IF(MID(G2,4,1)=",",_xlfn.TEXTJOIN(".",FALSE,MID(G2,1,3),MID(G2,5,LEN(G2)-4)),IF(MID(G2,5,1)=",",_xlfn.TEXTJOIN(".",FALSE,MID(G2,1,4),MID(G2,6,LEN(G2)-5)),G2)))) -> 18.34549056 | AK2: =IF(MID(H2,2,1)=",",_xlfn.TEXTJOIN(".",FALSE,MID(H2,1,1),MID(H2,3,LEN(H2)-2)),IF(MID(H2,3,1)=",",_xlfn.TEXTJOIN(".",FALSE,MID(H2,1,2),MID(H2,4,LEN(H2)-3)),IF(MID(H2,4,1)=",",_xlfn.TEXTJOIN(".",FALSE,MID(H2,1,3),MID(H2,5,LEN(H2)-4)),IF(MID(H2,5,1)=",",_xlfn.TEXTJOIN(".",FALSE,MID(H2,1,4),MID(H2,6,LEN(H2)-5)),H2)))) -> 11.5818873 | AL2: =IF(MID(I2,2,1)=",",_xlfn.TEXTJOIN(".",FALSE,MID(I2,1,1),MID(I2,3,LEN(I2)-2)),IF(MID(I2,3,1)=",",_xlfn.TEXTJOIN(".",FALSE,MID(I2,1,2),MID(I2,4,LEN(I2)-3)),IF(MID(I2,4,1)=",",_xlfn.TEXTJOIN(".",FALSE,MID(I2,1,3),MID(I2,5,LEN(I2)-4)),IF(MID(I2,5,1)=",",_xlfn.TEXTJOIN(".",FALSE,MID(I2,1,4),MID(I2,6,LEN(I2)-5)),I2)))) -> 256.563179 | AM2: =IF(MID(J2,2,1)=",",_xlfn.TEXTJOIN(".",FALSE,MID(J2,1,1),MID(J2,3,LEN(J2)-2)),IF(MID(J2,3,1)=",",_xlfn.TEXTJOIN(".",FALSE,MID(J2,1,2),MID(J2,4,LEN(J2)-3)),IF(MID(J2,4,1)=",",_xlfn.TEXTJOIN(".",FALSE,MID(J2,1,3),MID(J2,5,LEN(J2)-4)),IF(MID(J2,5,1)=",",_xlfn.TEXTJOIN(".",FALSE,MID(J2,1,4),MID(J2,6,LEN(J2)-5)),J2)))) -> 2622.448342 | AN2: =IF(MID(K2,2,1)=",",_xlfn.TEXTJOIN(".",FALSE,MID(K2,1,1),MID(K2,3,LEN(K2)-2)),IF(MID(K2,3,1)=",",_xlfn.TEXTJOIN(".",FALSE,MID(K2,1,2),MID(K2,4,LEN(K2)-3)),IF(MID(K2,4,1)=",",_xlfn.TEXTJOIN(".",FALSE,MID(K2,1,3),MID(K2,5,LEN(K2)-4)),IF(MID(K2,5,1)=",",_xlfn.TEXTJOIN(".",FALSE,MID(K2,1,4),MID(K2,6,LEN(K2)-5)),K2)))) -> 416.1309153 | AO2: =IF(MID(L2,2,1)=",",_xlfn.TEXTJOIN(".",FALSE,MID(L2,1,1),MID(L2,3,LEN(L2)-2)),IF(MID(L2,3,1)=",",_xlfn.TEXTJOIN(".",FALSE,MID(L2,1,2),MID(L2,4,LEN(L2)-3)),IF(MID(L2,4,1)=",",_xlfn.TEXTJOIN(".",FALSE,MID(L2,1,3),MID(L2,5,LEN(L2)-4)),IF(MID(L2,5,1)=",",_xlfn.TEXTJOIN(".",FALSE,MID(L2,1,4),MID(L2,6,LEN(L2)-5)),L2)))) -> 13.19556784 | AP2: =IF(MID(M2,2,1)=",",_xlfn.TEXTJOIN(".",FALSE,MID(M2,1,1),MID(M2,3,LEN(M2)-2)),IF(MID(M2,3,1)=",",_xlfn.TEXTJOIN(".",FALSE,MID(M2,1,2),MID(M2,4,LEN(M2)-3)),IF(MID(M2,4,1)=",",_xlfn.TEXTJOIN(".",FALSE,MID(M2,1,3),MID(M2,5,LEN(M2)-4)),IF(MID(M2,5,1)=",",_xlfn.TEXTJOIN(".",FALSE,MID(M2,1,4),MID(M2,6,LEN(M2)-5)),M2)))) -> 256.563179 | ... BJ2: =IF(MID(AG2,2,1)=",",_xlfn.TEXTJOIN(".",FALSE,MID(AG2,1,1),MID(AG2,3,LEN(AG2)-2)),IF(MID(AG2,3,1)=",",_xlfn.TEXTJOIN(".",FALSE,MID(AG2,1,2),MID(AG2,4,LEN(AG2)-3)),IF(MID(AG2,4,1)=",",_xlfn.TEXTJOIN(".",FALSE,MID(AG2,1,3),MID(AG2,5,LEN(AG2)-4)),IF(MID(AG2,5,1)=",",_xlfn.TEXTJOIN(".",FALSE,MID(AG2,1,4),MID(AG2,6,LEN(AG2)-5)),AG2)))) -> 7.718161762
A3: 2 | B3: HK_UK_1-1 | C3: Büro-, Verwaltungs- oder Amtsgebäude | D3: Parlaments- oder Gerichtsgebäude | E3: 2 | F3: 6.9260843 | G3: 18.092084 | H3: 11.166 | I3: 251.97212 | J3: 2560.5103 | K3: 272.29654 | L3: 13.066148 | M3: 251.97212 | N3: 13.066148 | O3: 285.18519 | P3: 0.63623624 | Q3: 0.9472973 | R3: 0.62497506 | S3: 1.0946446 | T3: 0.89057473 | U3: 1.1775919 | V3: 21 | W3: 24 | X3: 3.995996 | Y3: 20 | Z3: 26 | AA3: 0.46646647 | AB3: 4.0341341 | AC3: 1.4284284 | AD3: 0.19842756 | AE3: 0.85069567 | AF3: 70.035917 | AG3: 4.6189165 | AI3: =IF(MID(F3,2,1)=",",_xlfn.TEXTJOIN(".",FALSE,MID(F3,1,1),MID(F3,3,LEN(F3)-2)),IF(MID(F3,3,1)=",",_xlfn.TEXTJOIN(".",FALSE,MID(F3,1,2),MID(F3,4,LEN(F3)-3)),IF(MID(F3,4,1)=",",_xlfn.TEXTJOIN(".",FALSE,MID(F3,1,3),MID(F3,5,LEN(F3)-4)),IF(MID(F3,5,1)=",",_xlfn.TEXTJOIN(".",FALSE,MID(F3,1,4),MID(F3,6,LEN(F3)-5)),F3)))) -> 6.926084266 | AJ3: =IF(MID(G3,2,1)=",",_xlfn.TEXTJOIN(".",FALSE,MID(G3,1,1),MID(G3,3,LEN(G3)-2)),IF(MID(G3,3,1)=",",_xlfn.TEXTJOIN(".",FALSE,MID(G3,1,2),MID(G3,4,LEN(G3)-3)),IF(MID(G3,4,1)=",",_xlfn.TEXTJOIN(".",FALSE,MID(G3,1,3),MID(G3,5,LEN(G3)-4)),IF(MID(G3,5,1)=",",_xlfn.TEXTJOIN(".",FALSE,MID(G3,1,4),MID(G3,6,LEN(G3)-5)),G3)))) -> 18.0920844 | AK3: =IF(MID(H3,2,1)=",",_xlfn.TEXTJOIN(".",FALSE,MID(H3,1,1),MID(H3,3,LEN(H3)-2)),IF(MID(H3,3,1)=",",_xlfn.TEXTJOIN(".",FALSE,MID(H3,1,2),MID(H3,4,LEN(H3)-3)),IF(MID(H3,4,1)=",",_xlfn.TEXTJOIN(".",FALSE,MID(H3,1,3),MID(H3,5,LEN(H3)-4)),IF(MID(H3,5,1)=",",_xlfn.TEXTJOIN(".",FALSE,MID(H3,1,4),MID(H3,6,LEN(H3)-5)),H3)))) -> 11.16600013 | AL3: =IF(MID(I3,2,1)=",",_xlfn.TEXTJOIN(".",FALSE,MID(I3,1,1),MID(I3,3,LEN(I3)-2)),IF(MID(I3,3,1)=",",_xlfn.TEXTJOIN(".",FALSE,MID(I3,1,2),MID(I3,4,LEN(I3)-3)),IF(MID(I3,4,1)=",",_xlfn.TEXTJOIN(".",FALSE,MID(I3,1,3),MID(I3,5,LEN(I3)-4)),IF(MID(I3,5,1)=",",_xlfn.TEXTJOIN(".",FALSE,MID(I3,1,4),MID(I3,6,LEN(I3)-5)),I3)))) -> 251.9721174 | AM3: =IF(MID(J3,2,1)=",",_xlfn.TEXTJOIN(".",FALSE,MID(J3,1,1),MID(J3,3,LEN(J3)-2)),IF(MID(J3,3,1)=",",_xlfn.TEXTJOIN(".",FALSE,MID(J3,1,2),MID(J3,4,LEN(J3)-3)),IF(MID(J3,4,1)=",",_xlfn.TEXTJOIN(".",FALSE,MID(J3,1,3),MID(J3,5,LEN(J3)-4)),IF(MID(J3,5,1)=",",_xlfn.TEXTJOIN(".",FALSE,MID(J3,1,4),MID(J3,6,LEN(J3)-5)),J3)))) -> 2560.51029 | AN3: =IF(MID(K3,2,1)=",",_xlfn.TEXTJOIN(".",FALSE,MID(K3,1,1),MID(K3,3,LEN(K3)-2)),IF(MID(K3,3,1)=",",_xlfn.TEXTJOIN(".",FALSE,MID(K3,1,2),MID(K3,4,LEN(K3)-3)),IF(MID(K3,4,1)=",",_xlfn.TEXTJOIN(".",FALSE,MID(K3,1,3),MID(K3,5,LEN(K3)-4)),IF(MID(K3,5,1)=",",_xlfn.TEXTJOIN(".",FALSE,MID(K3,1,4),MID(K3,6,LEN(K3)-5)),K3)))) -> 272.296536 | AO3: =IF(MID(L3,2,1)=",",_xlfn.TEXTJOIN(".",FALSE,MID(L3,1,1),MID(L3,3,LEN(L3)-2)),IF(MID(L3,3,1)=",",_xlfn.TEXTJOIN(".",FALSE,MID(L3,1,2),MID(L3,4,LEN(L3)-3)),IF(MID(L3,4,1)=",",_xlfn.TEXTJOIN(".",FALSE,MID(L3,1,3),MID(L3,5,LEN(L3)-4)),IF(MID(L3,5,1)=",",_xlfn.TEXTJOIN(".",FALSE,MID(L3,1,4),MID(L3,6,LEN(L3)-5)),L3)))) -> 13.06614786 | AP3: =IF(MID(M3,2,1)=",",_xlfn.TEXTJOIN(".",FALSE,MID(M3,1,1),MID(M3,3,LEN(M3)-2)),IF(MID(M3,3,1)=",",_xlfn.TEXTJOIN(".",FALSE,MID(M3,1,2),MID(M3,4,LEN(M3)-3)),IF(MID(M3,4,1)=",",_xlfn.TEXTJOIN(".",FALSE,MID(M3,1,3),MID(M3,5,LEN(M3)-4)),IF(MID(M3,5,1)=",",_xlfn.TEXTJOIN(".",FALSE,MID(M3,1,4),MID(M3,6,LEN(M3)-5)),M3)))) -> 251.9721174 | ... BJ3: =IF(MID(AG3,2,1)=",",_xlfn.TEXTJOIN(".",FALSE,MID(AG3,1,1),MID(AG3,3,LEN(AG3)-2)),IF(MID(AG3,3,1)=",",_xlfn.TEXTJOIN(".",FALSE,MID(AG3,1,2),MID(AG3,4,LEN(AG3)-3)),IF(MID(AG3,4,1)=",",_xlfn.TEXTJOIN(".",FALSE,MID(AG3,1,3),MID(AG3,5,LEN(AG3)-4)),IF(MID(AG3,5,1)=",",_xlfn.TEXTJOIN(".",FALSE,MID(AG3,1,4),MID(AG3,6,LEN(AG3)-5)),AG3)))) -> 4.618916492
A4: 3 | B4: HK_UK_1-2 | C4: Büro-, Verwaltungs- oder Amtsgebäude | D4: Öffentliches Verwaltungs- oder Ämtergebäude, Rathaus | E4: 3 | F4: 7.0342809 | G4: 18.225194 | H4: 11.190913 | I4: 253.66283 | J4: 2570.604 | K4: 286.46176 | L4: 13.105393 | M4: 253.72171 | N4: 13.104309 | O4: 322.05155 | P4: 0.68321987 | Q4: 0.93675244 | R4: 0.54056171 | S4: 1.1394299 | T4: 0.87039775 | U4: 1.136235 | V4: 20.986451 | W4: 24.008128 | X4: 4 | Y4: 19.986926 | Z4: 26.008128 | AA4: 0.57918781 | AB4: 4.5429275 | AC4: 1.6183658 | AD4: 0.21866548 | AE4: 0.8279079 | AF4: 70.152019 | AG4: 5.706488 | AI4: =IF(MID(F4,2,1)=",",_xlfn.TEXTJOIN(".",FALSE,MID(F4,1,1),MID(F4,3,LEN(F4)-2)),IF(MID(F4,3,1)=",",_xlfn.TEXTJOIN(".",FALSE,MID(F4,1,2),MID(F4,4,LEN(F4)-3)),IF(MID(F4,4,1)=",",_xlfn.TEXTJOIN(".",FALSE,MID(F4,1,3),MID(F4,5,LEN(F4)-4)),IF(MID(F4,5,1)=",",_xlfn.TEXTJOIN(".",FALSE,MID(F4,1,4),MID(F4,6,LEN(F4)-5)),F4)))) -> 7.034280901 | AJ4: =IF(MID(G4,2,1)=",",_xlfn.TEXTJOIN(".",FALSE,MID(G4,1,1),MID(G4,3,LEN(G4)-2)),IF(MID(G4,3,1)=",",_xlfn.TEXTJOIN(".",FALSE,MID(G4,1,2),MID(G4,4,LEN(G4)-3)),IF(MID(G4,4,1)=",",_xlfn.TEXTJOIN(".",FALSE,MID(G4,1,3),MID(G4,5,LEN(G4)-4)),IF(MID(G4,5,1)=",",_xlfn.TEXTJOIN(".",FALSE,MID(G4,1,4),MID(G4,6,LEN(G4)-5)),G4)))) -> 18.22519399 | AK4: =IF(MID(H4,2,1)=",",_xlfn.TEXTJOIN(".",FALSE,MID(H4,1,1),MID(H4,3,LEN(H4)-2)),IF(MID(H4,3,1)=",",_xlfn.TEXTJOIN(".",FALSE,MID(H4,1,2),MID(H4,4,LEN(H4)-3)),IF(MID(H4,4,1)=",",_xlfn.TEXTJOIN(".",FALSE,MID(H4,1,3),MID(H4,5,LEN(H4)-4)),IF(MID(H4,5,1)=",",_xlfn.TEXTJOIN(".",FALSE,MID(H4,1,4),MID(H4,6,LEN(H4)-5)),H4)))) -> 11.19091309 | AL4: =IF(MID(I4,2,1)=",",_xlfn.TEXTJOIN(".",FALSE,MID(I4,1,1),MID(I4,3,LEN(I4)-2)),IF(MID(I4,3,1)=",",_xlfn.TEXTJOIN(".",FALSE,MID(I4,1,2),MID(I4,4,LEN(I4)-3)),IF(MID(I4,4,1)=",",_xlfn.TEXTJOIN(".",FALSE,MID(I4,1,3),MID(I4,5,LEN(I4)-4)),IF(MID(I4,5,1)=",",_xlfn.TEXTJOIN(".",FALSE,MID(I4,1,4),MID(I4,6,LEN(I4)-5)),I4)))) -> 253.6628335 | AM4: =IF(MID(J4,2,1)=",",_xlfn.TEXTJOIN(".",FALSE,MID(J4,1,1),MID(J4,3,LEN(J4)-2)),IF(MID(J4,3,1)=",",_xlfn.TEXTJOIN(".",FALSE,MID(J4,1,2),MID(J4,4,LEN(J4)-3)),IF(MID(J4,4,1)=",",_xlfn.TEXTJOIN(".",FALSE,MID(J4,1,3),MID(J4,5,LEN(J4)-4)),IF(MID(J4,5,1)=",",_xlfn.TEXTJOIN(".",FALSE,MID(J4,1,4),MID(J4,6,LEN(J4)-5)),J4)))) -> 2570.604022 | AN4: =IF(MID(K4,2,1)=",",_xlfn.TEXTJOIN(".",FALSE,MID(K4,1,1),MID(K4,3,LEN(K4)-2)),IF(MID(K4,3,1)=",",_xlfn.TEXTJOIN(".",FALSE,MID(K4,1,2),MID(K4,4,LEN(K4)-3)),IF(MID(K4,4,1)=",",_xlfn.TEXTJOIN(".",FALSE,MID(K4,1,3),MID(K4,5,LEN(K4)-4)),IF(MID(K4,5,1)=",",_xlfn.TEXTJOIN(".",FALSE,MID(K4,1,4),MID(K4,6,LEN(K4)-5)),K4)))) -> 286.4617644 | AO4: =IF(MID(L4,2,1)=",",_xlfn.TEXTJOIN(".",FALSE,MID(L4,1,1),MID(L4,3,LEN(L4)-2)),IF(MID(L4,3,1)=",",_xlfn.TEXTJOIN(".",FALSE,MID(L4,1,2),MID(L4,4,LEN(L4)-3)),IF(MID(L4,4,1)=",",_xlfn.TEXTJOIN(".",FALSE,MID(L4,1,3),MID(L4,5,LEN(L4)-4)),IF(MID(L4,5,1)=",",_xlfn.TEXTJOIN(".",FALSE,MID(L4,1,4),MID(L4,6,LEN(L4)-5)),L4)))) -> 13.10539306 | AP4: =IF(MID(M4,2,1)=",",_xlfn.TEXTJOIN(".",FALSE,MID(M4,1,1),MID(M4,3,LEN(M4)-2)),IF(MID(M4,3,1)=",",_xlfn.TEXTJOIN(".",FALSE,MID(M4,1,2),MID(M4,4,LEN(M4)-3)),IF(MID(M4,4,1)=",",_xlfn.TEXTJOIN(".",FALSE,MID(M4,1,3),MID(M4,5,LEN(M4)-4)),IF(MID(M4,5,1)=",",_xlfn.TEXTJOIN(".",FALSE,MID(M4,1,4),MID(M4,6,LEN(M4)-5)),M4)))) -> 253.7217095 | ... BJ4: =IF(MID(AG4,2,1)=",",_xlfn.TEXTJOIN(".",FALSE,MID(AG4,1,1),MID(AG4,3,LEN(AG4)-2)),IF(MID(AG4,3,1)=",",_xlfn.TEXTJOIN(".",FALSE,MID(AG4,1,2),MID(AG4,4,LEN(AG4)-3)),IF(MID(AG4,4,1)=",",_xlfn.TEXTJOIN(".",FALSE,MID(AG4,1,3),MID(AG4,5,LEN(AG4)-4)),IF(MID(AG4,5,1)=",",_xlfn.TEXTJOIN(".",FALSE,MID(AG4,1,4),MID(AG4,6,LEN(AG4)-5)),AG4)))) -> 5.70648799
A5: 4 | B5: HK_UK_1-3 | C5: Büro-, Verwaltungs- oder Amtsgebäude | D5: Bürogebäude | E5: 4 | F5: 6.5090057 | G5: 18.563672 | H5: 12.054667 | I5: 261.80852 | J5: 2682.8722 | K5: 588.18498 | L5: 13.447432 | M5: 261.86131 | N5: 13.32128 | O5: 301.63545 | P5: 0.69158249 | Q5: 0.94582127 | R5: 0.51195064 | S5: 1.347681 | T5: 0.87624442 | U5: 1.1549883 | V5: 20.821175 | W5: 24.068869 | X5: 3.9244843 | Y5: 19.818476 | Z5: 26.068869 | AA5: 0.55304685 | AB5: 5.0473201 | AC5: 1.6450559 | AD5: 0.23037561 | AE5: 0.87816494 | AF5: 70.835352 | AG5: 8.1965336 | AI5: =IF(MID(F5,2,1)=",",_xlfn.TEXTJOIN(".",FALSE,MID(F5,1,1),MID(F5,3,LEN(F5)-2)),IF(MID(F5,3,1)=",",_xlfn.TEXTJOIN(".",FALSE,MID(F5,1,2),MID(F5,4,LEN(F5)-3)),IF(MID(F5,4,1)=",",_xlfn.TEXTJOIN(".",FALSE,MID(F5,1,3),MID(F5,5,LEN(F5)-4)),IF(MID(F5,5,1)=",",_xlfn.TEXTJOIN(".",FALSE,MID(F5,1,4),MID(F5,6,LEN(F5)-5)),F5)))) -> 6.509005669 | AJ5: =IF(MID(G5,2,1)=",",_xlfn.TEXTJOIN(".",FALSE,MID(G5,1,1),MID(G5,3,LEN(G5)-2)),IF(MID(G5,3,1)=",",_xlfn.TEXTJOIN(".",FALSE,MID(G5,1,2),MID(G5,4,LEN(G5)-3)),IF(MID(G5,4,1)=",",_xlfn.TEXTJOIN(".",FALSE,MID(G5,1,3),MID(G5,5,LEN(G5)-4)),IF(MID(G5,5,1)=",",_xlfn.TEXTJOIN(".",FALSE,MID(G5,1,4),MID(G5,6,LEN(G5)-5)),G5)))) -> 18.56367248 | AK5: =IF(MID(H5,2,1)=",",_xlfn.TEXTJOIN(".",FALSE,MID(H5,1,1),MID(H5,3,LEN(H5)-2)),IF(MID(H5,3,1)=",",_xlfn.TEXTJOIN(".",FALSE,MID(H5,1,2),MID(H5,4,LEN(H5)-3)),IF(MID(H5,4,1)=",",_xlfn.TEXTJOIN(".",FALSE,MID(H5,1,3),MID(H5,5,LEN(H5)-4)),IF(MID(H5,5,1)=",",_xlfn.TEXTJOIN(".",FALSE,MID(H5,1,4),MID(H5,6,LEN(H5)-5)),H5)))) -> 12.05466682 | AL5: =IF(MID(I5,2,1)=",",_xlfn.TEXTJOIN(".",FALSE,MID(I5,1,1),MID(I5,3,LEN(I5)-2)),IF(MID(I5,3,1)=",",_xlfn.TEXTJOIN(".",FALSE,MID(I5,1,2),MID(I5,4,LEN(I5)-3)),IF(MID(I5,4,1)=",",_xlfn.TEXTJOIN(".",FALSE,MID(I5,1,3),MID(I5,5,LEN(I5)-4)),IF(MID(I5,5,1)=",",_xlfn.TEXTJOIN(".",FALSE,MID(I5,1,4),MID(I5,6,LEN(I5)-5)),I5)))) -> 261.808516 | AM5: =IF(MID(J5,2,1)=",",_xlfn.TEXTJOIN(".",FALSE,MID(J5,1,1),MID(J5,3,LEN(J5)-2)),IF(MID(J5,3,1)=",",_xlfn.TEXTJOIN(".",FALSE,MID(J5,1,2),MID(J5,4,LEN(J5)-3)),IF(MID(J5,4,1)=",",_xlfn.TEXTJOIN(".",FALSE,MID(J5,1,3),MID(J5,5,LEN(J5)-4)),IF(MID(J5,5,1)=",",_xlfn.TEXTJOIN(".",FALSE,MID(J5,1,4),MID(J5,6,LEN(J5)-5)),J5)))) -> 2682.872187 | AN5: =IF(MID(K5,2,1)=",",_xlfn.TEXTJOIN(".",FALSE,MID(K5,1,1),MID(K5,3,LEN(K5)-2)),IF(MID(K5,3,1)=",",_xlfn.TEXTJOIN(".",FALSE,MID(K5,1,2),MID(K5,4,LEN(K5)-3)),IF(MID(K5,4,1)=",",_xlfn.TEXTJOIN(".",FALSE,MID(K5,1,3),MID(K5,5,LEN(K5)-4)),IF(MID(K5,5,1)=",",_xlfn.TEXTJOIN(".",FALSE,MID(K5,1,4),MID(K5,6,LEN(K5)-5)),K5)))) -> 588.1849822 | AO5: =IF(MID(L5,2,1)=",",_xlfn.TEXTJOIN(".",FALSE,MID(L5,1,1),MID(L5,3,LEN(L5)-2)),IF(MID(L5,3,1)=",",_xlfn.TEXTJOIN(".",FALSE,MID(L5,1,2),MID(L5,4,LEN(L5)-3)),IF(MID(L5,4,1)=",",_xlfn.TEXTJOIN(".",FALSE,MID(L5,1,3),MID(L5,5,LEN(L5)-4)),IF(MID(L5,5,1)=",",_xlfn.TEXTJOIN(".",FALSE,MID(L5,1,4),MID(L5,6,LEN(L5)-5)),L5)))) -> 13.44743243 | AP5: =IF(MID(M5,2,1)=",",_xlfn.TEXTJOIN(".",FALSE,MID(M5,1,1),MID(M5,3,LEN(M5)-2)),IF(MID(M5,3,1)=",",_xlfn.TEXTJOIN(".",FALSE,MID(M5,1,2),MID(M5,4,LEN(M5)-3)),IF(MID(M5,4,1)=",",_xlfn.TEXTJOIN(".",FALSE,MID(M5,1,3),MID(M5,5,LEN(M5)-4)),IF(MID(M5,5,1)=",",_xlfn.TEXTJOIN(".",FALSE,MID(M5,1,4),MID(M5,6,LEN(M5)-5)),M5)))) -> 261.8613074 | ... BJ5: =IF(MID(AG5,2,1)=",",_xlfn.TEXTJOIN(".",FALSE,MID(AG5,1,1),MID(AG5,3,LEN(AG5)-2)),IF(MID(AG5,3,1)=",",_xlfn.TEXTJOIN(".",FALSE,MID(AG5,1,2),MID(AG5,4,LEN(AG5)-3)),IF(MID(AG5,4,1)=",",_xlfn.TEXTJOIN(".",FALSE,MID(AG5,1,3),MID(AG5,5,LEN(AG5)-4)),IF(MID(AG5,5,1)=",",_xlfn.TEXTJOIN(".",FALSE,MID(AG5,1,4),MID(AG5,6,LEN(AG5)-5)),AG5)))) -> 8.196533564
A6: 5 | B6: HK_UK_1-4 | C6: Büro-, Verwaltungs- oder Amtsgebäude | D6: Rundfunk- oder Fernsehanstalt | E6: 5 | F6: 6.5090057 | G6: 18.563672 | H6: 12.054667 | I6: 261.80852 | J6: 2682.8722 | K6: 588.18498 | L6: 13.447432 | M6: 261.86131 | N6: 13.32128 | O6: 301.63545 | P6: 0.69158249 | Q6: 0.94582127 | R6: 0.51195064 | S6: 1.347681 | T6: 0.87624442 | U6: 1.1549883 | V6: 20.821175 | W6: 24.068869 | X6: 3.9244843 | Y6: 19.818476 | Z6: 26.068869 | AA6: 0.55304685 | AB6: 5.0473201 | AC6: 1.6450559 | AD6: 0.23037561 | AE6: 0.87816494 | AF6: 70.835352 | AG6: 8.1965336 | AI6: =IF(MID(F6,2,1)=",",_xlfn.TEXTJOIN(".",FALSE,MID(F6,1,1),MID(F6,3,LEN(F6)-2)),IF(MID(F6,3,1)=",",_xlfn.TEXTJOIN(".",FALSE,MID(F6,1,2),MID(F6,4,LEN(F6)-3)),IF(MID(F6,4,1)=",",_xlfn.TEXTJOIN(".",FALSE,MID(F6,1,3),MID(F6,5,LEN(F6)-4)),IF(MID(F6,5,1)=",",_xlfn.TEXTJOIN(".",FALSE,MID(F6,1,4),MID(F6,6,LEN(F6)-5)),F6)))) -> 6.509005669 | AJ6: =IF(MID(G6,2,1)=",",_xlfn.TEXTJOIN(".",FALSE,MID(G6,1,1),MID(G6,3,LEN(G6)-2)),IF(MID(G6,3,1)=",",_xlfn.TEXTJOIN(".",FALSE,MID(G6,1,2),MID(G6,4,LEN(G6)-3)),IF(MID(G6,4,1)=",",_xlfn.TEXTJOIN(".",FALSE,MID(G6,1,3),MID(G6,5,LEN(G6)-4)),IF(MID(G6,5,1)=",",_xlfn.TEXTJOIN(".",FALSE,MID(G6,1,4),MID(G6,6,LEN(G6)-5)),G6)))) -> 18.56367248 | AK6: =IF(MID(H6,2,1)=",",_xlfn.TEXTJOIN(".",FALSE,MID(H6,1,1),MID(H6,3,LEN(H6)-2)),IF(MID(H6,3,1)=",",_xlfn.TEXTJOIN(".",FALSE,MID(H6,1,2),MID(H6,4,LEN(H6)-3)),IF(MID(H6,4,1)=",",_xlfn.TEXTJOIN(".",FALSE,MID(H6,1,3),MID(H6,5,LEN(H6)-4)),IF(MID(H6,5,1)=",",_xlfn.TEXTJOIN(".",FALSE,MID(H6,1,4),MID(H6,6,LEN(H6)-5)),H6)))) -> 12.05466682 | AL6: =IF(MID(I6,2,1)=",",_xlfn.TEXTJOIN(".",FALSE,MID(I6,1,1),MID(I6,3,LEN(I6)-2)),IF(MID(I6,3,1)=",",_xlfn.TEXTJOIN(".",FALSE,MID(I6,1,2),MID(I6,4,LEN(I6)-3)),IF(MID(I6,4,1)=",",_xlfn.TEXTJOIN(".",FALSE,MID(I6,1,3),MID(I6,5,LEN(I6)-4)),IF(MID(I6,5,1)=",",_xlfn.TEXTJOIN(".",FALSE,MID(I6,1,4),MID(I6,6,LEN(I6)-5)),I6)))) -> 261.808516 | AM6: =IF(MID(J6,2,1)=",",_xlfn.TEXTJOIN(".",FALSE,MID(J6,1,1),MID(J6,3,LEN(J6)-2)),IF(MID(J6,3,1)=",",_xlfn.TEXTJOIN(".",FALSE,MID(J6,1,2),MID(J6,4,LEN(J6)-3)),IF(MID(J6,4,1)=",",_xlfn.TEXTJOIN(".",FALSE,MID(J6,1,3),MID(J6,5,LEN(J6)-4)),IF(MID(J6,5,1)=",",_xlfn.TEXTJOIN(".",FALSE,MID(J6,1,4),MID(J6,6,LEN(J6)-5)),J6)))) -> 2682.872187 | AN6: =IF(MID(K6,2,1)=",",_xlfn.TEXTJOIN(".",FALSE,MID(K6,1,1),MID(K6,3,LEN(K6)-2)),IF(MID(K6,3,1)=",",_xlfn.TEXTJOIN(".",FALSE,MID(K6,1,2),MID(K6,4,LEN(K6)-3)),IF(MID(K6,4,1)=",",_xlfn.TEXTJOIN(".",FALSE,MID(K6,1,3),MID(K6,5,LEN(K6)-4)),IF(MID(K6,5,1)=",",_xlfn.TEXTJOIN(".",FALSE,MID(K6,1,4),MID(K6,6,LEN(K6)-5)),K6)))) -> 588.1849822 | AO6: =IF(MID(L6,2,1)=",",_xlfn.TEXTJOIN(".",FALSE,MID(L6,1,1),MID(L6,3,LEN(L6)-2)),IF(MID(L6,3,1)=",",_xlfn.TEXTJOIN(".",FALSE,MID(L6,1,2),MID(L6,4,LEN(L6)-3)),IF(MID(L6,4,1)=",",_xlfn.TEXTJOIN(".",FALSE,MID(L6,1,3),MID(L6,5,LEN(L6)-4)),IF(MID(L6,5,1)=",",_xlfn.TEXTJOIN(".",FALSE,MID(L6,1,4),MID(L6,6,LEN(L6)-5)),L6)))) -> 13.44743243 | AP6: =IF(MID(M6,2,1)=",",_xlfn.TEXTJOIN(".",FALSE,MID(M6,1,1),MID(M6,3,LEN(M6)-2)),IF(MID(M6,3,1)=",",_xlfn.TEXTJOIN(".",FALSE,MID(M6,1,2),MID(M6,4,LEN(M6)-3)),IF(MID(M6,4,1)=",",_xlfn.TEXTJOIN(".",FALSE,MID(M6,1,3),MID(M6,5,LEN(M6)-4)),IF(MID(M6,5,1)=",",_xlfn.TEXTJOIN(".",FALSE,MID(M6,1,4),MID(M6,6,LEN(M6)-5)),M6)))) -> 261.8613074 | ... BJ6: =IF(MID(AG6,2,1)=",",_xlfn.TEXTJOIN(".",FALSE,MID(AG6,1,1),MID(AG6,3,LEN(AG6)-2)),IF(MID(AG6,3,1)=",",_xlfn.TEXTJOIN(".",FALSE,MID(AG6,1,2),MID(AG6,4,LEN(AG6)-3)),IF(MID(AG6,4,1)=",",_xlfn.TEXTJOIN(".",FALSE,MID(AG6,1,3),MID(AG6,5,LEN(AG6)-4)),IF(MID(AG6,5,1)=",",_xlfn.TEXTJOIN(".",FALSE,MID(AG6,1,4),MID(AG6,6,LEN(AG6)-5)),AG6)))) -> 8.196533564
A7: 6 | B7: HK_UK_1-5 | C7: Büro-, Verwaltungs- oder Amtsgebäude | D7: Polizeipräsidium oder -station, Bürogebäude sonstiger Bereitschaftsdienste | E7: 6 | F7: 5.9890125 | G7: 18.866182 | H7: 12.877169 | I7: 267.416 | J7: 2780.8319 | K7: 863.50997 | L7: 13.718263 | M7: 267.416 | N7: 13.301422 | O7: 251.14357 | P7: 0.67259835 | Q7: 0.95934326 | R7: 0.62394733 | S7: 1.3903587 | T7: 0.86820125 | U7: 1.2404127 | V7: 20.452354 | W7: 24.1901 | X7: 3.7823183 | Y7: 19.45588 | Z7: 26.1901 | AA7: 0.35743511 | AB7: 5.5402039 | AC7: 1.4390974 | AD7: 0.1934037 | AE7: 0.90362281 | AF7: 71.953377 | AG7: 6.292867 | AI7: =IF(MID(F7,2,1)=",",_xlfn.TEXTJOIN(".",FALSE,MID(F7,1,1),MID(F7,3,LEN(F7)-2)),IF(MID(F7,3,1)=",",_xlfn.TEXTJOIN(".",FALSE,MID(F7,1,2),MID(F7,4,LEN(F7)-3)),IF(MID(F7,4,1)=",",_xlfn.TEXTJOIN(".",FALSE,MID(F7,1,3),MID(F7,5,LEN(F7)-4)),IF(MID(F7,5,1)=",",_xlfn.TEXTJOIN(".",FALSE,MID(F7,1,4),MID(F7,6,LEN(F7)-5)),F7)))) -> 5.989012537 | AJ7: =IF(MID(G7,2,1)=",",_xlfn.TEXTJOIN(".",FALSE,MID(G7,1,1),MID(G7,3,LEN(G7)-2)),IF(MID(G7,3,1)=",",_xlfn.TEXTJOIN(".",FALSE,MID(G7,1,2),MID(G7,4,LEN(G7)-3)),IF(MID(G7,4,1)=",",_xlfn.TEXTJOIN(".",FALSE,MID(G7,1,3),MID(G7,5,LEN(G7)-4)),IF(MID(G7,5,1)=",",_xlfn.TEXTJOIN(".",FALSE,MID(G7,1,4),MID(G7,6,LEN(G7)-5)),G7)))) -> 18.86618155 | AK7: =IF(MID(H7,2,1)=",",_xlfn.TEXTJOIN(".",FALSE,MID(H7,1,1),MID(H7,3,LEN(H7)-2)),IF(MID(H7,3,1)=",",_xlfn.TEXTJOIN(".",FALSE,MID(H7,1,2),MID(H7,4,LEN(H7)-3)),IF(MID(H7,4,1)=",",_xlfn.TEXTJOIN(".",FALSE,MID(H7,1,3),MID(H7,5,LEN(H7)-4)),IF(MID(H7,5,1)=",",_xlfn.TEXTJOIN(".",FALSE,MID(H7,1,4),MID(H7,6,LEN(H7)-5)),H7)))) -> 12.87716902 | AL7: =IF(MID(I7,2,1)=",",_xlfn.TEXTJOIN(".",FALSE,MID(I7,1,1),MID(I7,3,LEN(I7)-2)),IF(MID(I7,3,1)=",",_xlfn.TEXTJOIN(".",FALSE,MID(I7,1,2),MID(I7,4,LEN(I7)-3)),IF(MID(I7,4,1)=",",_xlfn.TEXTJOIN(".",FALSE,MID(I7,1,3),MID(I7,5,LEN(I7)-4)),IF(MID(I7,5,1)=",",_xlfn.TEXTJOIN(".",FALSE,MID(I7,1,4),MID(I7,6,LEN(I7)-5)),I7)))) -> 267.4160023 | AM7: =IF(MID(J7,2,1)=",",_xlfn.TEXTJOIN(".",FALSE,MID(J7,1,1),MID(J7,3,LEN(J7)-2)),IF(MID(J7,3,1)=",",_xlfn.TEXTJOIN(".",FALSE,MID(J7,1,2),MID(J7,4,LEN(J7)-3)),IF(MID(J7,4,1)=",",_xlfn.TEXTJOIN(".",FALSE,MID(J7,1,3),MID(J7,5,LEN(J7)-4)),IF(MID(J7,5,1)=",",_xlfn.TEXTJOIN(".",FALSE,MID(J7,1,4),MID(J7,6,LEN(J7)-5)),J7)))) -> 2780.831916 | AN7: =IF(MID(K7,2,1)=",",_xlfn.TEXTJOIN(".",FALSE,MID(K7,1,1),MID(K7,3,LEN(K7)-2)),IF(MID(K7,3,1)=",",_xlfn.TEXTJOIN(".",FALSE,MID(K7,1,2),MID(K7,4,LEN(K7)-3)),IF(MID(K7,4,1)=",",_xlfn.TEXTJOIN(".",FALSE,MID(K7,1,3),MID(K7,5,LEN(K7)-4)),IF(MID(K7,5,1)=",",_xlfn.TEXTJOIN(".",FALSE,MID(K7,1,4),MID(K7,6,LEN(K7)-5)),K7)))) -> 863.5099739 | AO7: =IF(MID(L7,2,1)=",",_xlfn.TEXTJOIN(".",FALSE,MID(L7,1,1),MID(L7,3,LEN(L7)-2)),IF(MID(L7,3,1)=",",_xlfn.TEXTJOIN(".",FALSE,MID(L7,1,2),MID(L7,4,LEN(L7)-3)),IF(MID(L7,4,1)=",",_xlfn.TEXTJOIN(".",FALSE,MID(L7,1,3),MID(L7,5,LEN(L7)-4)),IF(MID(L7,5,1)=",",_xlfn.TEXTJOIN(".",FALSE,MID(L7,1,4),MID(L7,6,LEN(L7)-5)),L7)))) -> 13.71826326 | AP7: =IF(MID(M7,2,1)=",",_xlfn.TEXTJOIN(".",FALSE,MID(M7,1,1),MID(M7,3,LEN(M7)-2)),IF(MID(M7,3,1)=",",_xlfn.TEXTJOIN(".",FALSE,MID(M7,1,2),MID(M7,4,LEN(M7)-3)),IF(MID(M7,4,1)=",",_xlfn.TEXTJOIN(".",FALSE,MID(M7,1,3),MID(M7,5,LEN(M7)-4)),IF(MID(M7,5,1)=",",_xlfn.TEXTJOIN(".",FALSE,MID(M7,1,4),MID(M7,6,LEN(M7)-5)),M7)))) -> 267.4160023 | ... BJ7: =IF(MID(AG7,2,1)=",",_xlfn.TEXTJOIN(".",FALSE,MID(AG7,1,1),MID(AG7,3,LEN(AG7)-2)),IF(MID(AG7,3,1)=",",_xlfn.TEXTJOIN(".",FALSE,MID(AG7,1,2),MID(AG7,4,LEN(AG7)-3)),IF(MID(AG7,4,1)=",",_xlfn.TEXTJOIN(".",FALSE,MID(AG7,1,3),MID(AG7,5,LEN(AG7)-4)),IF(MID(AG7,5,1)=",",_xlfn.TEXTJOIN(".",FALSE,MID(AG7,1,4),MID(AG7,6,LEN(AG7)-5)),AG7)))) -> 6.292866971
A8: 7 | B8: HK_UK_2-0 | C8: Gebäude für Forschung und Hochschullehre | E8: 7 | F8: 6.9724412 | G8: 18.090599 | H8: 11.118158 | I8: 246.36088 | J8: 2498.7396 | K8: 273.47039 | L8: 14.409568 | M8: 246.44807 | N8: 12.94519 | O8: 315.98402 | P8: 0.68211788 | Q8: 0.94908092 | R8: 0.57024071 | S8: 1.3402098 | T8: 0.92557657 | U8: 1.1521986 | V8: 21.054945 | W8: 24.03996 | X8: 3.988012 | Y8: 19.914086 | Z8: 26.03996 | AA8: 0.52147852 | AB8: 9.2837163 | AC8: 1.7902098 | AD8: 0.16911486 | AE8: 0.88323541 | AF8: 73.344774 | AG8: 6.2382111 | AI8: =IF(MID(F8,2,1)=",",_xlfn.TEXTJOIN(".",FALSE,MID(F8,1,1),MID(F8,3,LEN(F8)-2)),IF(MID(F8,3,1)=",",_xlfn.TEXTJOIN(".",FALSE,MID(F8,1,2),MID(F8,4,LEN(F8)-3)),IF(MID(F8,4,1)=",",_xlfn.TEXTJOIN(".",FALSE,MID(F8,1,3),MID(F8,5,LEN(F8)-4)),IF(MID(F8,5,1)=",",_xlfn.TEXTJOIN(".",FALSE,MID(F8,1,4),MID(F8,6,LEN(F8)-5)),F8)))) -> 6.972441243 | AJ8: =IF(MID(G8,2,1)=",",_xlfn.TEXTJOIN(".",FALSE,MID(G8,1,1),MID(G8,3,LEN(G8)-2)),IF(MID(G8,3,1)=",",_xlfn.TEXTJOIN(".",FALSE,MID(G8,1,2),MID(G8,4,LEN(G8)-3)),IF(MID(G8,4,1)=",",_xlfn.TEXTJOIN(".",FALSE,MID(G8,1,3),MID(G8,5,LEN(G8)-4)),IF(MID(G8,5,1)=",",_xlfn.TEXTJOIN(".",FALSE,MID(G8,1,4),MID(G8,6,LEN(G8)-5)),G8)))) -> 18.09059894 | AK8: =IF(MID(H8,2,1)=",",_xlfn.TEXTJOIN(".",FALSE,MID(H8,1,1),MID(H8,3,LEN(H8)-2)),IF(MID(H8,3,1)=",",_xlfn.TEXTJOIN(".",FALSE,MID(H8,1,2),MID(H8,4,LEN(H8)-3)),IF(MID(H8,4,1)=",",_xlfn.TEXTJOIN(".",FALSE,MID(H8,1,3),MID(H8,5,LEN(H8)-4)),IF(MID(H8,5,1)=",",_xlfn.TEXTJOIN(".",FALSE,MID(H8,1,4),MID(H8,6,LEN(H8)-5)),H8)))) -> 11.1181577 | AL8: =IF(MID(I8,2,1)=",",_xlfn.TEXTJOIN(".",FALSE,MID(I8,1,1),MID(I8,3,LEN(I8)-2)),IF(MID(I8,3,1)=",",_xlfn.TEXTJOIN(".",FALSE,MID(I8,1,2),MID(I8,4,LEN(I8)-3)),IF(MID(I8,4,1)=",",_xlfn.TEXTJOIN(".",FALSE,MID(I8,1,3),MID(I8,5,LEN(I8)-4)),IF(MID(I8,5,1)=",",_xlfn.TEXTJOIN(".",FALSE,MID(I8,1,4),MID(I8,6,LEN(I8)-5)),I8)))) -> 246.3608795 | AM8: =IF(MID(J8,2,1)=",",_xlfn.TEXTJOIN(".",FALSE,MID(J8,1,1),MID(J8,3,LEN(J8)-2)),IF(MID(J8,3,1)=",",_xlfn.TEXTJOIN(".",FALSE,MID(J8,1,2),MID(J8,4,LEN(J8)-3)),IF(MID(J8,4,1)=",",_xlfn.TEXTJOIN(".",FALSE,MID(J8,1,3),MID(J8,5,LEN(J8)-4)),IF(MID(J8,5,1)=",",_xlfn.TEXTJOIN(".",FALSE,MID(J8,1,4),MID(J8,6,LEN(J8)-5)),J8)))) -> 2498.739613 | AN8: =IF(MID(K8,2,1)=",",_xlfn.TEXTJOIN(".",FALSE,MID(K8,1,1),MID(K8,3,LEN(K8)-2)),IF(MID(K8,3,1)=",",_xlfn.TEXTJOIN(".",FALSE,MID(K8,1,2),MID(K8,4,LEN(K8)-3)),IF(MID(K8,4,1)=",",_xlfn.TEXTJOIN(".",FALSE,MID(K8,1,3),MID(K8,5,LEN(K8)-4)),IF(MID(K8,5,1)=",",_xlfn.TEXTJOIN(".",FALSE,MID(K8,1,4),MID(K8,6,LEN(K8)-5)),K8)))) -> 273.4703942 | AO8: =IF(MID(L8,2,1)=",",_xlfn.TEXTJOIN(".",FALSE,MID(L8,1,1),MID(L8,3,LEN(L8)-2)),IF(MID(L8,3,1)=",",_xlfn.TEXTJOIN(".",FALSE,MID(L8,1,2),MID(L8,4,LEN(L8)-3)),IF(MID(L8,4,1)=",",_xlfn.TEXTJOIN(".",FALSE,MID(L8,1,3),MID(L8,5,LEN(L8)-4)),IF(MID(L8,5,1)=",",_xlfn.TEXTJOIN(".",FALSE,MID(L8,1,4),MID(L8,6,LEN(L8)-5)),L8)))) -> 14.40956838 | AP8: =IF(MID(M8,2,1)=",",_xlfn.TEXTJOIN(".",FALSE,MID(M8,1,1),MID(M8,3,LEN(M8)-2)),IF(MID(M8,3,1)=",",_xlfn.TEXTJOIN(".",FALSE,MID(M8,1,2),MID(M8,4,LEN(M8)-3)),IF(MID(M8,4,1)=",",_xlfn.TEXTJOIN(".",FALSE,MID(M8,1,3),MID(M8,5,LEN(M8)-4)),IF(MID(M8,5,1)=",",_xlfn.TEXTJOIN(".",FALSE,MID(M8,1,4),MID(M8,6,LEN(M8)-5)),M8)))) -> 246.4480667 | ... BJ8: =IF(MID(AG8,2,1)=",",_xlfn.TEXTJOIN(".",FALSE,MID(AG8,1,1),MID(AG8,3,LEN(AG8)-2)),IF(MID(AG8,3,1)=",",_xlfn.TEXTJOIN(".",FALSE,MID(AG8,1,2),MID(AG8,4,LEN(AG8)-3)),IF(MID(AG8,4,1)=",",_xlfn.TEXTJOIN(".",FALSE,MID(AG8,1,3),MID(AG8,5,LEN(AG8)-4)),IF(MID(AG8,5,1)=",",_xlfn.TEXTJOIN(".",FALSE,MID(AG8,1,4),MID(AG8,6,LEN(AG8)-5)),AG8)))) -> 6.238211128
A9: 8 | B9: HK_UK_2-1 | C9: Gebäude für Forschung und Hochschullehre | D9: Hörsaalgebäude | E9: 8 | F9: 7.1136245 | G9: 18.066751 | H9: 10.953127 | I9: 233.70192 | J9: 2360.8908 | K9: 230.31427 | L9: 13.00593 | M9: 233.88565 | N9: 12.878755 | O9: 279.12941 | P9: 0.59358824 | Q9: 0.96249765 | R9: 0.6660634 | S9: 1.4703941 | T9: 0.9284351 | U9: 1.1703875 | V9: 20.997059 | W9: 24.005412 | X9: 4 | Y9: 19.990647 | Z9: 26.005412 | AA9: 0.44541177 | AB9: 10.842512 | AC9: 1.2780735 | AD9: 0.18872768 | AE9: 0.85805424 | AF9: 70.433983 | AG9: 2.3084466 | AI9: =IF(MID(F9,2,1)=",",_xlfn.TEXTJOIN(".",FALSE,MID(F9,1,1),MID(F9,3,LEN(F9)-2)),IF(MID(F9,3,1)=",",_xlfn.TEXTJOIN(".",FALSE,MID(F9,1,2),MID(F9,4,LEN(F9)-3)),IF(MID(F9,4,1)=",",_xlfn.TEXTJOIN(".",FALSE,MID(F9,1,3),MID(F9,5,LEN(F9)-4)),IF(MID(F9,5,1)=",",_xlfn.TEXTJOIN(".",FALSE,MID(F9,1,4),MID(F9,6,LEN(F9)-5)),F9)))) -> 7.11362455 | AJ9: =IF(MID(G9,2,1)=",",_xlfn.TEXTJOIN(".",FALSE,MID(G9,1,1),MID(G9,3,LEN(G9)-2)),IF(MID(G9,3,1)=",",_xlfn.TEXTJOIN(".",FALSE,MID(G9,1,2),MID(G9,4,LEN(G9)-3)),IF(MID(G9,4,1)=",",_xlfn.TEXTJOIN(".",FALSE,MID(G9,1,3),MID(G9,5,LEN(G9)-4)),IF(MID(G9,5,1)=",",_xlfn.TEXTJOIN(".",FALSE,MID(G9,1,4),MID(G9,6,LEN(G9)-5)),G9)))) -> 18.06675122 | AK9: =IF(MID(H9,2,1)=",",_xlfn.TEXTJOIN(".",FALSE,MID(H9,1,1),MID(H9,3,LEN(H9)-2)),IF(MID(H9,3,1)=",",_xlfn.TEXTJOIN(".",FALSE,MID(H9,1,2),MID(H9,4,LEN(H9)-3)),IF(MID(H9,4,1)=",",_xlfn.TEXTJOIN(".",FALSE,MID(H9,1,3),MID(H9,5,LEN(H9)-4)),IF(MID(H9,5,1)=",",_xlfn.TEXTJOIN(".",FALSE,MID(H9,1,4),MID(H9,6,LEN(H9)-5)),H9)))) -> 10.95312667 | AL9: =IF(MID(I9,2,1)=",",_xlfn.TEXTJOIN(".",FALSE,MID(I9,1,1),MID(I9,3,LEN(I9)-2)),IF(MID(I9,3,1)=",",_xlfn.TEXTJOIN(".",FALSE,MID(I9,1,2),MID(I9,4,LEN(I9)-3)),IF(MID(I9,4,1)=",",_xlfn.TEXTJOIN(".",FALSE,MID(I9,1,3),MID(I9,5,LEN(I9)-4)),IF(MID(I9,5,1)=",",_xlfn.TEXTJOIN(".",FALSE,MID(I9,1,4),MID(I9,6,LEN(I9)-5)),I9)))) -> 233.7019193 | AM9: =IF(MID(J9,2,1)=",",_xlfn.TEXTJOIN(".",FALSE,MID(J9,1,1),MID(J9,3,LEN(J9)-2)),IF(MID(J9,3,1)=",",_xlfn.TEXTJOIN(".",FALSE,MID(J9,1,2),MID(J9,4,LEN(J9)-3)),IF(MID(J9,4,1)=",",_xlfn.TEXTJOIN(".",FALSE,MID(J9,1,3),MID(J9,5,LEN(J9)-4)),IF(MID(J9,5,1)=",",_xlfn.TEXTJOIN(".",FALSE,MID(J9,1,4),MID(J9,6,LEN(J9)-5)),J9)))) -> 2360.890751 | AN9: =IF(MID(K9,2,1)=",",_xlfn.TEXTJOIN(".",FALSE,MID(K9,1,1),MID(K9,3,LEN(K9)-2)),IF(MID(K9,3,1)=",",_xlfn.TEXTJOIN(".",FALSE,MID(K9,1,2),MID(K9,4,LEN(K9)-3)),IF(MID(K9,4,1)=",",_xlfn.TEXTJOIN(".",FALSE,MID(K9,1,3),MID(K9,5,LEN(K9)-4)),IF(MID(K9,5,1)=",",_xlfn.TEXTJOIN(".",FALSE,MID(K9,1,4),MID(K9,6,LEN(K9)-5)),K9)))) -> 230.3142725 | AO9: =IF(MID(L9,2,1)=",",_xlfn.TEXTJOIN(".",FALSE,MID(L9,1,1),MID(L9,3,LEN(L9)-2)),IF(MID(L9,3,1)=",",_xlfn.TEXTJOIN(".",FALSE,MID(L9,1,2),MID(L9,4,LEN(L9)-3)),IF(MID(L9,4,1)=",",_xlfn.TEXTJOIN(".",FALSE,MID(L9,1,3),MID(L9,5,LEN(L9)-4)),IF(MID(L9,5,1)=",",_xlfn.TEXTJOIN(".",FALSE,MID(L9,1,4),MID(L9,6,LEN(L9)-5)),L9)))) -> 13.00592991 | AP9: =IF(MID(M9,2,1)=",",_xlfn.TEXTJOIN(".",FALSE,MID(M9,1,1),MID(M9,3,LEN(M9)-2)),IF(MID(M9,3,1)=",",_xlfn.TEXTJOIN(".",FALSE,MID(M9,1,2),MID(M9,4,LEN(M9)-3)),IF(MID(M9,4,1)=",",_xlfn.TEXTJOIN(".",FALSE,MID(M9,1,3),MID(M9,5,LEN(M9)-4)),IF(MID(M9,5,1)=",",_xlfn.TEXTJOIN(".",FALSE,MID(M9,1,4),MID(M9,6,LEN(M9)-5)),M9)))) -> 233.8856536 | ... BJ9: =IF(MID(AG9,2,1)=",",_xlfn.TEXTJOIN(".",FALSE,MID(AG9,1,1),MID(AG9,3,LEN(AG9)-2)),IF(MID(AG9,3,1)=",",_xlfn.TEXTJOIN(".",FALSE,MID(AG9,1,2),MID(AG9,4,LEN(AG9)-3)),IF(MID(AG9,4,1)=",",_xlfn.TEXTJOIN(".",FALSE,MID(AG9,1,3),MID(AG9,5,LEN(AG9)-4)),IF(MID(AG9,5,1)=",",_xlfn.TEXTJOIN(".",FALSE,MID(AG9,1,4),MID(AG9,6,LEN(AG9)-5)),AG9)))) -> 2.308446608
A10: 9 | B10: HK_UK_2-2 | C10: Gebäude für Forschung und Hochschullehre | D10: Verwaltungs- oder Seminargebäude | E10: 9 | F10: 7.0247036 | G10: 18.071591 | H10: 11.046888 | I10: 248.23164 | J10: 2509.8245 | K10: 254.13703 | L10: 14.101351 | M10: 248.31787 | N10: 12.905724 | O10: 322.8 | P10: 0.6856 | Q10: 0.94384 | R10: 0.55282429 | S10: 1.31795 | T10: 0.92295011 | U10: 1.1411657 | V10: 20.966 | W10: 24.08 | X10: 3.992 | Y10: 19.856 | Z10: 26.08 | AA10: 0.537 | AB10: 8.1978 | AC10: 1.7615 | AD10: 0.18498661 | AE10: 0.87096115 | AF10: 73.349398 | AG10: 6.3847132 | AI10: =IF(MID(F10,2,1)=",",_xlfn.TEXTJOIN(".",FALSE,MID(F10,1,1),MID(F10,3,LEN(F10)-2)),IF(MID(F10,3,1)=",",_xlfn.TEXTJOIN(".",FALSE,MID(F10,1,2),MID(F10,4,LEN(F10)-3)),IF(MID(F10,4,1)=",",_xlfn.TEXTJOIN(".",FALSE,MID(F10,1,3),MID(F10,5,LEN(F10)-4)),IF(MID(F10,5,1)=",",_xlfn.TEXTJOIN(".",FALSE,MID(F10,1,4),MID(F10,6,LEN(F10)-5)),F10)))) -> 7.024703624 | AJ10: =IF(MID(G10,2,1)=",",_xlfn.TEXTJOIN(".",FALSE,MID(G10,1,1),MID(G10,3,LEN(G10)-2)),IF(MID(G10,3,1)=",",_xlfn.TEXTJOIN(".",FALSE,MID(G10,1,2),MID(G10,4,LEN(G10)-3)),IF(MID(G10,4,1)=",",_xlfn.TEXTJOIN(".",FALSE,MID(G10,1,3),MID(G10,5,LEN(G10)-4)),IF(MID(G10,5,1)=",",_xlfn.TEXTJOIN(".",FALSE,MID(G10,1,4),MID(G10,6,LEN(G10)-5)),G10)))) -> 18.07159139 | AK10: =IF(MID(H10,2,1)=",",_xlfn.TEXTJOIN(".",FALSE,MID(H10,1,1),MID(H10,3,LEN(H10)-2)),IF(MID(H10,3,1)=",",_xlfn.TEXTJOIN(".",FALSE,MID(H10,1,2),MID(H10,4,LEN(H10)-3)),IF(MID(H10,4,1)=",",_xlfn.TEXTJOIN(".",FALSE,MID(H10,1,3),MID(H10,5,LEN(H10)-4)),IF(MID(H10,5,1)=",",_xlfn.TEXTJOIN(".",FALSE,MID(H10,1,4),MID(H10,6,LEN(H10)-5)),H10)))) -> 11.04688777 | AL10: =IF(MID(I10,2,1)=",",_xlfn.TEXTJOIN(".",FALSE,MID(I10,1,1),MID(I10,3,LEN(I10)-2)),IF(MID(I10,3,1)=",",_xlfn.TEXTJOIN(".",FALSE,MID(I10,1,2),MID(I10,4,LEN(I10)-3)),IF(MID(I10,4,1)=",",_xlfn.TEXTJOIN(".",FALSE,MID(I10,1,3),MID(I10,5,LEN(I10)-4)),IF(MID(I10,5,1)=",",_xlfn.TEXTJOIN(".",FALSE,MID(I10,1,4),MID(I10,6,LEN(I10)-5)),I10)))) -> 248.2316419 | AM10: =IF(MID(J10,2,1)=",",_xlfn.TEXTJOIN(".",FALSE,MID(J10,1,1),MID(J10,3,LEN(J10)-2)),IF(MID(J10,3,1)=",",_xlfn.TEXTJOIN(".",FALSE,MID(J10,1,2),MID(J10,4,LEN(J10)-3)),IF(MID(J10,4,1)=",",_xlfn.TEXTJOIN(".",FALSE,MID(J10,1,3),MID(J10,5,LEN(J10)-4)),IF(MID(J10,5,1)=",",_xlfn.TEXTJOIN(".",FALSE,MID(J10,1,4),MID(J10,6,LEN(J10)-5)),J10)))) -> 2509.824548 | AN10: =IF(MID(K10,2,1)=",",_xlfn.TEXTJOIN(".",FALSE,MID(K10,1,1),MID(K10,3,LEN(K10)-2)),IF(MID(K10,3,1)=",",_xlfn.TEXTJOIN(".",FALSE,MID(K10,1,2),MID(K10,4,LEN(K10)-3)),IF(MID(K10,4,1)=",",_xlfn.TEXTJOIN(".",FALSE,MID(K10,1,3),MID(K10,5,LEN(K10)-4)),IF(MID(K10,5,1)=",",_xlfn.TEXTJOIN(".",FALSE,MID(K10,1,4),MID(K10,6,LEN(K10)-5)),K10)))) -> 254.1370303 | AO10: =IF(MID(L10,2,1)=",",_xlfn.TEXTJOIN(".",FALSE,MID(L10,1,1),MID(L10,3,LEN(L10)-2)),IF(MID(L10,3,1)=",",_xlfn.TEXTJOIN(".",FALSE,MID(L10,1,2),MID(L10,4,LEN(L10)-3)),IF(MID(L10,4,1)=",",_xlfn.TEXTJOIN(".",FALSE,MID(L10,1,3),MID(L10,5,LEN(L10)-4)),IF(MID(L10,5,1)=",",_xlfn.TEXTJOIN(".",FALSE,MID(L10,1,4),MID(L10,6,LEN(L10)-5)),L10)))) -> 14.10135149 | AP10: =IF(MID(M10,2,1)=",",_xlfn.TEXTJOIN(".",FALSE,MID(M10,1,1),MID(M10,3,LEN(M10)-2)),IF(MID(M10,3,1)=",",_xlfn.TEXTJOIN(".",FALSE,MID(M10,1,2),MID(M10,4,LEN(M10)-3)),IF(MID(M10,4,1)=",",_xlfn.TEXTJOIN(".",FALSE,MID(M10,1,3),MID(M10,5,LEN(M10)-4)),IF(MID(M10,5,1)=",",_xlfn.TEXTJOIN(".",FALSE,MID(M10,1,4),MID(M10,6,LEN(M10)-5)),M10)))) -> 248.317874 | ... BJ10: =IF(MID(AG10,2,1)=",",_xlfn.TEXTJOIN(".",FALSE,MID(AG10,1,1),MID(AG10,3,LEN(AG10)-2)),IF(MID(AG10,3,1)=",",_xlfn.TEXTJOIN(".",FALSE,MID(AG10,1,2),MID(AG10,4,LEN(AG10)-3)),IF(MID(AG10,4,1)=",",_xlfn.TEXTJOIN(".",FALSE,MID(AG10,1,3),MID(AG10,5,LEN(AG10)-4)),IF(MID(AG10,5,1)=",",_xlfn.TEXTJOIN(".",FALSE,MID(AG10,1,4),MID(AG10,6,LEN(AG10)-5)),AG10)))) -> 6.384713193
A11: 10 | B11: HK_UK_2-3 | C11: Gebäude für Forschung und Hochschullehre | D11: Institutsgebäude für Forschung und Lehre (Labor mit geringen Anforderungen an die Raumlufttechnik, z.B. Medizin, Informatik) | E11: 10 | F11: 7.0603358 | G11: 18.058201 | H11: 10.997865 | I11: 243.67856 | J11: 2461.527 | K11: 241.96587 | L11: 13.831304 | M11: 243.76765 | N11: 12.877994 | O11: 318.52783 | P11: 0.66446713 | Q11: 0.94839924 | R11: 0.57180455 | S11: 1.3681261 | T11: 0.91671281 | U11: 1.1448537 | V11: 20.993405 | W11: 24.047154 | X11: 3.9952048 | Y11: 19.900286 | Z11: 26.047154 | AA11: 0.52568352 | AB11: 9.1891632 | AC11: 1.6911292 | AD11: 0.19085367 | AE11: 0.86456136 | AF11: 72.517487 | AG11: 5.3806301 | AI11: =IF(MID(F11,2,1)=",",_xlfn.TEXTJOIN(".",FALSE,MID(F11,1,1),MID(F11,3,LEN(F11)-2)),IF(MID(F11,3,1)=",",_xlfn.TEXTJOIN(".",FALSE,MID(F11,1,2),MID(F11,4,LEN(F11)-3)),IF(MID(F11,4,1)=",",_xlfn.TEXTJOIN(".",FALSE,MID(F11,1,3),MID(F11,5,LEN(F11)-4)),IF(MID(F11,5,1)=",",_xlfn.TEXTJOIN(".",FALSE,MID(F11,1,4),MID(F11,6,LEN(F11)-5)),F11)))) -> 7.060335768 | AJ11: =IF(MID(G11,2,1)=",",_xlfn.TEXTJOIN(".",FALSE,MID(G11,1,1),MID(G11,3,LEN(G11)-2)),IF(MID(G11,3,1)=",",_xlfn.TEXTJOIN(".",FALSE,MID(G11,1,2),MID(G11,4,LEN(G11)-3)),IF(MID(G11,4,1)=",",_xlfn.TEXTJOIN(".",FALSE,MID(G11,1,3),MID(G11,5,LEN(G11)-4)),IF(MID(G11,5,1)=",",_xlfn.TEXTJOIN(".",FALSE,MID(G11,1,4),MID(G11,6,LEN(G11)-5)),G11)))) -> 18.05820108 | AK11: =IF(MID(H11,2,1)=",",_xlfn.TEXTJOIN(".",FALSE,MID(H11,1,1),MID(H11,3,LEN(H11)-2)),IF(MID(H11,3,1)=",",_xlfn.TEXTJOIN(".",FALSE,MID(H11,1,2),MID(H11,4,LEN(H11)-3)),IF(MID(H11,4,1)=",",_xlfn.TEXTJOIN(".",FALSE,MID(H11,1,3),MID(H11,5,LEN(H11)-4)),IF(MID(H11,5,1)=",",_xlfn.TEXTJOIN(".",FALSE,MID(H11,1,4),MID(H11,6,LEN(H11)-5)),H11)))) -> 10.99786532 | AL11: =IF(MID(I11,2,1)=",",_xlfn.TEXTJOIN(".",FALSE,MID(I11,1,1),MID(I11,3,LEN(I11)-2)),IF(MID(I11,3,1)=",",_xlfn.TEXTJOIN(".",FALSE,MID(I11,1,2),MID(I11,4,LEN(I11)-3)),IF(MID(I11,4,1)=",",_xlfn.TEXTJOIN(".",FALSE,MID(I11,1,3),MID(I11,5,LEN(I11)-4)),IF(MID(I11,5,1)=",",_xlfn.TEXTJOIN(".",FALSE,MID(I11,1,4),MID(I11,6,LEN(I11)-5)),I11)))) -> 243.6785592 | AM11: =IF(MID(J11,2,1)=",",_xlfn.TEXTJOIN(".",FALSE,MID(J11,1,1),MID(J11,3,LEN(J11)-2)),IF(MID(J11,3,1)=",",_xlfn.TEXTJOIN(".",FALSE,MID(J11,1,2),MID(J11,4,LEN(J11)-3)),IF(MID(J11,4,1)=",",_xlfn.TEXTJOIN(".",FALSE,MID(J11,1,3),MID(J11,5,LEN(J11)-4)),IF(MID(J11,5,1)=",",_xlfn.TEXTJOIN(".",FALSE,MID(J11,1,4),MID(J11,6,LEN(J11)-5)),J11)))) -> 2461.527028 | AN11: =IF(MID(K11,2,1)=",",_xlfn.TEXTJOIN(".",FALSE,MID(K11,1,1),MID(K11,3,LEN(K11)-2)),IF(MID(K11,3,1)=",",_xlfn.TEXTJOIN(".",FALSE,MID(K11,1,2),MID(K11,4,LEN(K11)-3)),IF(MID(K11,4,1)=",",_xlfn.TEXTJOIN(".",FALSE,MID(K11,1,3),MID(K11,5,LEN(K11)-4)),IF(MID(K11,5,1)=",",_xlfn.TEXTJOIN(".",FALSE,MID(K11,1,4),MID(K11,6,LEN(K11)-5)),K11)))) -> 241.9658693 | AO11: =IF(MID(L11,2,1)=",",_xlfn.TEXTJOIN(".",FALSE,MID(L11,1,1),MID(L11,3,LEN(L11)-2)),IF(MID(L11,3,1)=",",_xlfn.TEXTJOIN(".",FALSE,MID(L11,1,2),MID(L11,4,LEN(L11)-3)),IF(MID(L11,4,1)=",",_xlfn.TEXTJOIN(".",FALSE,MID(L11,1,3),MID(L11,5,LEN(L11)-4)),IF(MID(L11,5,1)=",",_xlfn.TEXTJOIN(".",FALSE,MID(L11,1,4),MID(L11,6,LEN(L11)-5)),L11)))) -> 13.83130363 | AP11: =IF(MID(M11,2,1)=",",_xlfn.TEXTJOIN(".",FALSE,MID(M11,1,1),MID(M11,3,LEN(M11)-2)),IF(MID(M11,3,1)=",",_xlfn.TEXTJOIN(".",FALSE,MID(M11,1,2),MID(M11,4,LEN(M11)-3)),IF(MID(M11,4,1)=",",_xlfn.TEXTJOIN(".",FALSE,MID(M11,1,3),MID(M11,5,LEN(M11)-4)),IF(MID(M11,5,1)=",",_xlfn.TEXTJOIN(".",FALSE,MID(M11,1,4),MID(M11,6,LEN(M11)-5)),M11)))) -> 243.7676498 | ... BJ11: =IF(MID(AG11,2,1)=",",_xlfn.TEXTJOIN(".",FALSE,MID(AG11,1,1),MID(AG11,3,LEN(AG11)-2)),IF(MID(AG11,3,1)=",",_xlfn.TEXTJOIN(".",FALSE,MID(AG11,1,2),MID(AG11,4,LEN(AG11)-3)),IF(MID(AG11,4,1)=",",_xlfn.TEXTJOIN(".",FALSE,MID(AG11,1,3),MID(AG11,5,LEN(AG11)-4)),IF(MID(AG11,5,1)=",",_xlfn.TEXTJOIN(".",FALSE,MID(AG11,1,4),MID(AG11,6,LEN(AG11)-5)),AG11)))) -> 5.380630057
A12: 11 | B12: HK_UK_2-4 | C12: Gebäude für Forschung und Hochschullehre | D12: Institutsgebäude für Forschung und Lehre (Labor mit hohen Anforderungen an die Raumlufttechnik, z.B. Chemie, Tierforschung) | E12: 11 | F12: 6.9863457 | G12: 17.952531 | H12: 10.966185 | I12: 249.32459 | J12: 2525.5866 | K12: 215.55402 | L12: 15.64878 | M12: 249.32459 | N12: 12.878111 | O12: 304.004 | P12: 0.70650651 | Q12: 0.94955956 | R12: 0.59483225 | S12: 1.2293293 | T12: 0.95693926 | U12: 1.2109736 | V12: 21.149149 | W12: 24.044044 | X12: 3.987988 | Y12: 19.868869 | Z12: 26.044044 | AA12: 0.46446446 | AB12: 8.6904905 | AC12: 1.9169169 | AD12: 0.10063661 | AE12: 0.92366039 | AF12: 75.899611 | AG12: 7.3995003 | AI12: =IF(MID(F12,2,1)=",",_xlfn.TEXTJOIN(".",FALSE,MID(F12,1,1),MID(F12,3,LEN(F12)-2)),IF(MID(F12,3,1)=",",_xlfn.TEXTJOIN(".",FALSE,MID(F12,1,2),MID(F12,4,LEN(F12)-3)),IF(MID(F12,4,1)=",",_xlfn.TEXTJOIN(".",FALSE,MID(F12,1,3),MID(F12,5,LEN(F12)-4)),IF(MID(F12,5,1)=",",_xlfn.TEXTJOIN(".",FALSE,MID(F12,1,4),MID(F12,6,LEN(F12)-5)),F12)))) -> 6.986345731 | AJ12: =IF(MID(G12,2,1)=",",_xlfn.TEXTJOIN(".",FALSE,MID(G12,1,1),MID(G12,3,LEN(G12)-2)),IF(MID(G12,3,1)=",",_xlfn.TEXTJOIN(".",FALSE,MID(G12,1,2),MID(G12,4,LEN(G12)-3)),IF(MID(G12,4,1)=",",_xlfn.TEXTJOIN(".",FALSE,MID(G12,1,3),MID(G12,5,LEN(G12)-4)),IF(MID(G12,5,1)=",",_xlfn.TEXTJOIN(".",FALSE,MID(G12,1,4),MID(G12,6,LEN(G12)-5)),G12)))) -> 17.95253095 | AK12: =IF(MID(H12,2,1)=",",_xlfn.TEXTJOIN(".",FALSE,MID(H12,1,1),MID(H12,3,LEN(H12)-2)),IF(MID(H12,3,1)=",",_xlfn.TEXTJOIN(".",FALSE,MID(H12,1,2),MID(H12,4,LEN(H12)-3)),IF(MID(H12,4,1)=",",_xlfn.TEXTJOIN(".",FALSE,MID(H12,1,3),MID(H12,5,LEN(H12)-4)),IF(MID(H12,5,1)=",",_xlfn.TEXTJOIN(".",FALSE,MID(H12,1,4),MID(H12,6,LEN(H12)-5)),H12)))) -> 10.96618521 | AL12: =IF(MID(I12,2,1)=",",_xlfn.TEXTJOIN(".",FALSE,MID(I12,1,1),MID(I12,3,LEN(I12)-2)),IF(MID(I12,3,1)=",",_xlfn.TEXTJOIN(".",FALSE,MID(I12,1,2),MID(I12,4,LEN(I12)-3)),IF(MID(I12,4,1)=",",_xlfn.TEXTJOIN(".",FALSE,MID(I12,1,3),MID(I12,5,LEN(I12)-4)),IF(MID(I12,5,1)=",",_xlfn.TEXTJOIN(".",FALSE,MID(I12,1,4),MID(I12,6,LEN(I12)-5)),I12)))) -> 249.3245895 | AM12: =IF(MID(J12,2,1)=",",_xlfn.TEXTJOIN(".",FALSE,MID(J12,1,1),MID(J12,3,LEN(J12)-2)),IF(MID(J12,3,1)=",",_xlfn.TEXTJOIN(".",FALSE,MID(J12,1,2),MID(J12,4,LEN(J12)-3)),IF(MID(J12,4,1)=",",_xlfn.TEXTJOIN(".",FALSE,MID(J12,1,3),MID(J12,5,LEN(J12)-4)),IF(MID(J12,5,1)=",",_xlfn.TEXTJOIN(".",FALSE,MID(J12,1,4),MID(J12,6,LEN(J12)-5)),J12)))) -> 2525.586636 | AN12: =IF(MID(K12,2,1)=",",_xlfn.TEXTJOIN(".",FALSE,MID(K12,1,1),MID(K12,3,LEN(K12)-2)),IF(MID(K12,3,1)=",",_xlfn.TEXTJOIN(".",FALSE,MID(K12,1,2),MID(K12,4,LEN(K12)-3)),IF(MID(K12,4,1)=",",_xlfn.TEXTJOIN(".",FALSE,MID(K12,1,3),MID(K12,5,LEN(K12)-4)),IF(MID(K12,5,1)=",",_xlfn.TEXTJOIN(".",FALSE,MID(K12,1,4),MID(K12,6,LEN(K12)-5)),K12)))) -> 215.5540233 | AO12: =IF(MID(L12,2,1)=",",_xlfn.TEXTJOIN(".",FALSE,MID(L12,1,1),MID(L12,3,LEN(L12)-2)),IF(MID(L12,3,1)=",",_xlfn.TEXTJOIN(".",FALSE,MID(L12,1,2),MID(L12,4,LEN(L12)-3)),IF(MID(L12,4,1)=",",_xlfn.TEXTJOIN(".",FALSE,MID(L12,1,3),MID(L12,5,LEN(L12)-4)),IF(MID(L12,5,1)=",",_xlfn.TEXTJOIN(".",FALSE,MID(L12,1,4),MID(L12,6,LEN(L12)-5)),L12)))) -> 15.6487799 | AP12: =IF(MID(M12,2,1)=",",_xlfn.TEXTJOIN(".",FALSE,MID(M12,1,1),MID(M12,3,LEN(M12)-2)),IF(MID(M12,3,1)=",",_xlfn.TEXTJOIN(".",FALSE,MID(M12,1,2),MID(M12,4,LEN(M12)-3)),IF(MID(M12,4,1)=",",_xlfn.TEXTJOIN(".",FALSE,MID(M12,1,3),MID(M12,5,LEN(M12)-4)),IF(MID(M12,5,1)=",",_xlfn.TEXTJOIN(".",FALSE,MID(M12,1,4),MID(M12,6,LEN(M12)-5)),M12)))) -> 249.3245895 | ... BJ12: =IF(MID(AG12,2,1)=",",_xlfn.TEXTJOIN(".",FALSE,MID(AG12,1,1),MID(AG12,3,LEN(AG12)-2)),IF(MID(AG12,3,1)=",",_xlfn.TEXTJOIN(".",FALSE,MID(AG12,1,2),MID(AG12,4,LEN(AG12)-3)),IF(MID(AG12,4,1)=",",_xlfn.TEXTJOIN(".",FALSE,MID(AG12,1,3),MID(AG12,5,LEN(AG12)-4)),IF(MID(AG12,5,1)=",",_xlfn.TEXTJOIN(".",FALSE,MID(AG12,1,4),MID(AG12,6,LEN(AG12)-5)),AG12)))) -> 7.399500272
A13: 12 | B13: HK_UK_2-5 | C13: Gebäude für Forschung und Hochschullehre | D13: Bürogebäude von Forschungsanstalten ohne Lehre | E13: 12 | F13: 6.5179404 | G13: 18.447968 | H13: 11.930027 | I13: 257.90423 | J13: 2664.9745 | K13: 515.21217 | L13: 15.747249 | M13: 257.90423 | N13: 13.343689 | O13: 314.28571 | P13: 0.74205794 | Q13: 0.94933067 | R13: 0.53144797 | S13: 1.2485514 | T13: 0.93902341 | U13: 1.1464579 | V13: 21.288711 | W13: 24 | X13: 3.9080919 | Y13: 20.045954 | Z13: 26 | AA13: 0.55544456 | AB13: 9.8848651 | AC13: 2.1253746 | AD13: 0.13692896 | AE13: 0.91875635 | AF13: 74.417782 | AG13: 7.3050435 | AI13: =IF(MID(F13,2,1)=",",_xlfn.TEXTJOIN(".",FALSE,MID(F13,1,1),MID(F13,3,LEN(F13)-2)),IF(MID(F13,3,1)=",",_xlfn.TEXTJOIN(".",FALSE,MID(F13,1,2),MID(F13,4,LEN(F13)-3)),IF(MID(F13,4,1)=",",_xlfn.TEXTJOIN(".",FALSE,MID(F13,1,3),MID(F13,5,LEN(F13)-4)),IF(MID(F13,5,1)=",",_xlfn.TEXTJOIN(".",FALSE,MID(F13,1,4),MID(F13,6,LEN(F13)-5)),F13)))) -> 6.517940435 | AJ13: =IF(MID(G13,2,1)=",",_xlfn.TEXTJOIN(".",FALSE,MID(G13,1,1),MID(G13,3,LEN(G13)-2)),IF(MID(G13,3,1)=",",_xlfn.TEXTJOIN(".",FALSE,MID(G13,1,2),MID(G13,4,LEN(G13)-3)),IF(MID(G13,4,1)=",",_xlfn.TEXTJOIN(".",FALSE,MID(G13,1,3),MID(G13,5,LEN(G13)-4)),IF(MID(G13,5,1)=",",_xlfn.TEXTJOIN(".",FALSE,MID(G13,1,4),MID(G13,6,LEN(G13)-5)),G13)))) -> 18.44796786 | AK13: =IF(MID(H13,2,1)=",",_xlfn.TEXTJOIN(".",FALSE,MID(H13,1,1),MID(H13,3,LEN(H13)-2)),IF(MID(H13,3,1)=",",_xlfn.TEXTJOIN(".",FALSE,MID(H13,1,2),MID(H13,4,LEN(H13)-3)),IF(MID(H13,4,1)=",",_xlfn.TEXTJOIN(".",FALSE,MID(H13,1,3),MID(H13,5,LEN(H13)-4)),IF(MID(H13,5,1)=",",_xlfn.TEXTJOIN(".",FALSE,MID(H13,1,4),MID(H13,6,LEN(H13)-5)),H13)))) -> 11.93002743 | AL13: =IF(MID(I13,2,1)=",",_xlfn.TEXTJOIN(".",FALSE,MID(I13,1,1),MID(I13,3,LEN(I13)-2)),IF(MID(I13,3,1)=",",_xlfn.TEXTJOIN(".",FALSE,MID(I13,1,2),MID(I13,4,LEN(I13)-3)),IF(MID(I13,4,1)=",",_xlfn.TEXTJOIN(".",FALSE,MID(I13,1,3),MID(I13,5,LEN(I13)-4)),IF(MID(I13,5,1)=",",_xlfn.TEXTJOIN(".",FALSE,MID(I13,1,4),MID(I13,6,LEN(I13)-5)),I13)))) -> 257.9042341 | AM13: =IF(MID(J13,2,1)=",",_xlfn.TEXTJOIN(".",FALSE,MID(J13,1,1),MID(J13,3,LEN(J13)-2)),IF(MID(J13,3,1)=",",_xlfn.TEXTJOIN(".",FALSE,MID(J13,1,2),MID(J13,4,LEN(J13)-3)),IF(MID(J13,4,1)=",",_xlfn.TEXTJOIN(".",FALSE,MID(J13,1,3),MID(J13,5,LEN(J13)-4)),IF(MID(J13,5,1)=",",_xlfn.TEXTJOIN(".",FALSE,MID(J13,1,4),MID(J13,6,LEN(J13)-5)),J13)))) -> 2664.974478 | AN13: =IF(MID(K13,2,1)=",",_xlfn.TEXTJOIN(".",FALSE,MID(K13,1,1),MID(K13,3,LEN(K13)-2)),IF(MID(K13,3,1)=",",_xlfn.TEXTJOIN(".",FALSE,MID(K13,1,2),MID(K13,4,LEN(K13)-3)),IF(MID(K13,4,1)=",",_xlfn.TEXTJOIN(".",FALSE,MID(K13,1,3),MID(K13,5,LEN(K13)-4)),IF(MID(K13,5,1)=",",_xlfn.TEXTJOIN(".",FALSE,MID(K13,1,4),MID(K13,6,LEN(K13)-5)),K13)))) -> 515.2121664 | AO13: =IF(MID(L13,2,1)=",",_xlfn.TEXTJOIN(".",FALSE,MID(L13,1,1),MID(L13,3,LEN(L13)-2)),IF(MID(L13,3,1)=",",_xlfn.TEXTJOIN(".",FALSE,MID(L13,1,2),MID(L13,4,LEN(L13)-3)),IF(MID(L13,4,1)=",",_xlfn.TEXTJOIN(".",FALSE,MID(L13,1,3),MID(L13,5,LEN(L13)-4)),IF(MID(L13,5,1)=",",_xlfn.TEXTJOIN(".",FALSE,MID(L13,1,4),MID(L13,6,LEN(L13)-5)),L13)))) -> 15.74724882 | AP13: =IF(MID(M13,2,1)=",",_xlfn.TEXTJOIN(".",FALSE,MID(M13,1,1),MID(M13,3,LEN(M13)-2)),IF(MID(M13,3,1)=",",_xlfn.TEXTJOIN(".",FALSE,MID(M13,1,2),MID(M13,4,LEN(M13)-3)),IF(MID(M13,4,1)=",",_xlfn.TEXTJOIN(".",FALSE,MID(M13,1,3),MID(M13,5,LEN(M13)-4)),IF(MID(M13,5,1)=",",_xlfn.TEXTJOIN(".",FALSE,MID(M13,1,4),MID(M13,6,LEN(M13)-5)),M13)))) -> 257.9042341 | ... BJ13: =IF(MID(AG13,2,1)=",",_xlfn.TEXTJOIN(".",FALSE,MID(AG13,1,1),MID(AG13,3,LEN(AG13)-2)),IF(MID(AG13,3,1)=",",_xlfn.TEXTJOIN(".",FALSE,MID(AG13,1,2),MID(AG13,4,LEN(AG13)-3)),IF(MID(AG13,4,1)=",",_xlfn.TEXTJOIN(".",FALSE,MID(AG13,1,3),MID(AG13,5,LEN(AG13)-4)),IF(MID(AG13,5,1)=",",_xlfn.TEXTJOIN(".",FALSE,MID(AG13,1,4),MID(AG13,6,LEN(AG13)-5)),AG13)))) -> 7.305043502
A14: 13 | B14: HK_UK_2-6 | C14: Gebäude für Forschung und Hochschullehre | D14: Laborgebäude von Forschungsanstalten und Unternehmen (Labor mit geringen Anforderungen an die Raumlufttechnik) | E14: 13 | F14: 6.9437404 | G14: 18.009063 | H14: 11.065323 | I14: 250.2926 | J14: 2541.5516 | K14: 243.87388 | L14: 16.196442 | M14: 250.2926 | N14: 12.942134 | O14: 303.4965 | P14: 0.73486513 | Q14: 0.95314685 | R14: 0.58210478 | S14: 1.2662837 | T14: 0.96171822 | U14: 1.1888591 | V14: 21.237762 | W14: 24.01998 | X14: 4 | Y14: 19.919081 | Z14: 26.01998 | AA14: 0.49150849 | AB14: 9.4403596 | AC14: 2.1128871 | AD14: 0.091635038 | AE14: 0.94816419 | AF14: 76.417955 | AG14: 8.4765429 | AI14: =IF(MID(F14,2,1)=",",_xlfn.TEXTJOIN(".",FALSE,MID(F14,1,1),MID(F14,3,LEN(F14)-2)),IF(MID(F14,3,1)=",",_xlfn.TEXTJOIN(".",FALSE,MID(F14,1,2),MID(F14,4,LEN(F14)-3)),IF(MID(F14,4,1)=",",_xlfn.TEXTJOIN(".",FALSE,MID(F14,1,3),MID(F14,5,LEN(F14)-4)),IF(MID(F14,5,1)=",",_xlfn.TEXTJOIN(".",FALSE,MID(F14,1,4),MID(F14,6,LEN(F14)-5)),F14)))) -> 6.943740434 | AJ14: =IF(MID(G14,2,1)=",",_xlfn.TEXTJOIN(".",FALSE,MID(G14,1,1),MID(G14,3,LEN(G14)-2)),IF(MID(G14,3,1)=",",_xlfn.TEXTJOIN(".",FALSE,MID(G14,1,2),MID(G14,4,LEN(G14)-3)),IF(MID(G14,4,1)=",",_xlfn.TEXTJOIN(".",FALSE,MID(G14,1,3),MID(G14,5,LEN(G14)-4)),IF(MID(G14,5,1)=",",_xlfn.TEXTJOIN(".",FALSE,MID(G14,1,4),MID(G14,6,LEN(G14)-5)),G14)))) -> 18.00906305 | AK14: =IF(MID(H14,2,1)=",",_xlfn.TEXTJOIN(".",FALSE,MID(H14,1,1),MID(H14,3,LEN(H14)-2)),IF(MID(H14,3,1)=",",_xlfn.TEXTJOIN(".",FALSE,MID(H14,1,2),MID(H14,4,LEN(H14)-3)),IF(MID(H14,4,1)=",",_xlfn.TEXTJOIN(".",FALSE,MID(H14,1,3),MID(H14,5,LEN(H14)-4)),IF(MID(H14,5,1)=",",_xlfn.TEXTJOIN(".",FALSE,MID(H14,1,4),MID(H14,6,LEN(H14)-5)),H14)))) -> 11.06532261 | AL14: =IF(MID(I14,2,1)=",",_xlfn.TEXTJOIN(".",FALSE,MID(I14,1,1),MID(I14,3,LEN(I14)-2)),IF(MID(I14,3,1)=",",_xlfn.TEXTJOIN(".",FALSE,MID(I14,1,2),MID(I14,4,LEN(I14)-3)),IF(MID(I14,4,1)=",",_xlfn.TEXTJOIN(".",FALSE,MID(I14,1,3),MID(I14,5,LEN(I14)-4)),IF(MID(I14,5,1)=",",_xlfn.TEXTJOIN(".",FALSE,MID(I14,1,4),MID(I14,6,LEN(I14)-5)),I14)))) -> 250.2926038 | AM14: =IF(MID(J14,2,1)=",",_xlfn.TEXTJOIN(".",FALSE,MID(J14,1,1),MID(J14,3,LEN(J14)-2)),IF(MID(J14,3,1)=",",_xlfn.TEXTJOIN(".",FALSE,MID(J14,1,2),MID(J14,4,LEN(J14)-3)),IF(MID(J14,4,1)=",",_xlfn.TEXTJOIN(".",FALSE,MID(J14,1,3),MID(J14,5,LEN(J14)-4)),IF(MID(J14,5,1)=",",_xlfn.TEXTJOIN(".",FALSE,MID(J14,1,4),MID(J14,6,LEN(J14)-5)),J14)))) -> 2541.551637 | AN14: =IF(MID(K14,2,1)=",",_xlfn.TEXTJOIN(".",FALSE,MID(K14,1,1),MID(K14,3,LEN(K14)-2)),IF(MID(K14,3,1)=",",_xlfn.TEXTJOIN(".",FALSE,MID(K14,1,2),MID(K14,4,LEN(K14)-3)),IF(MID(K14,4,1)=",",_xlfn.TEXTJOIN(".",FALSE,MID(K14,1,3),MID(K14,5,LEN(K14)-4)),IF(MID(K14,5,1)=",",_xlfn.TEXTJOIN(".",FALSE,MID(K14,1,4),MID(K14,6,LEN(K14)-5)),K14)))) -> 243.8738808 | AO14: =IF(MID(L14,2,1)=",",_xlfn.TEXTJOIN(".",FALSE,MID(L14,1,1),MID(L14,3,LEN(L14)-2)),IF(MID(L14,3,1)=",",_xlfn.TEXTJOIN(".",FALSE,MID(L14,1,2),MID(L14,4,LEN(L14)-3)),IF(MID(L14,4,1)=",",_xlfn.TEXTJOIN(".",FALSE,MID(L14,1,3),MID(L14,5,LEN(L14)-4)),IF(MID(L14,5,1)=",",_xlfn.TEXTJOIN(".",FALSE,MID(L14,1,4),MID(L14,6,LEN(L14)-5)),L14)))) -> 16.19644182 | AP14: =IF(MID(M14,2,1)=",",_xlfn.TEXTJOIN(".",FALSE,MID(M14,1,1),MID(M14,3,LEN(M14)-2)),IF(MID(M14,3,1)=",",_xlfn.TEXTJOIN(".",FALSE,MID(M14,1,2),MID(M14,4,LEN(M14)-3)),IF(MID(M14,4,1)=",",_xlfn.TEXTJOIN(".",FALSE,MID(M14,1,3),MID(M14,5,LEN(M14)-4)),IF(MID(M14,5,1)=",",_xlfn.TEXTJOIN(".",FALSE,MID(M14,1,4),MID(M14,6,LEN(M14)-5)),M14)))) -> 250.2926038 | ... BJ14: =IF(MID(AG14,2,1)=",",_xlfn.TEXTJOIN(".",FALSE,MID(AG14,1,1),MID(AG14,3,LEN(AG14)-2)),IF(MID(AG14,3,1)=",",_xlfn.TEXTJOIN(".",FALSE,MID(AG14,1,2),MID(AG14,4,LEN(AG14)-3)),IF(MID(AG14,4,1)=",",_xlfn.TEXTJOIN(".",FALSE,MID(AG14,1,3),MID(AG14,5,LEN(AG14)-4)),IF(MID(AG14,5,1)=",",_xlfn.TEXTJOIN(".",FALSE,MID(AG14,1,4),MID(AG14,6,LEN(AG14)-5)),AG14)))) -> 8.476542913
A15: 14 | B15: HK_UK_2-7 | C15: Gebäude für Forschung und Hochschullehre | D15: Laborgebäude von Forschungsanstalten und Unternehmen (Labor mit hohen Anforderungen an die Raumlufttechnik) | E15: 14 | F15: 6.9437404 | G15: 18.009063 | H15: 11.065323 | I15: 250.2926 | J15: 2541.5516 | K15: 243.87388 | L15: 16.196442 | M15: 250.2926 | N15: 12.942134 | O15: 303.4965 | P15: 0.73486513 | Q15: 0.95314685 | R15: 0.58210478 | S15: 1.2662837 | T15: 0.96171822 | U15: 1.1888591 | V15: 21.237762 | W15: 24.01998 | X15: 4 | Y15: 19.919081 | Z15: 26.01998 | AA15: 0.49150849 | AB15: 9.4403596 | AC15: 2.1128871 | AD15: 0.091635038 | AE15: 0.94816419 | AF15: 76.417955 | AG15: 8.4765429 | AI15: =IF(MID(F15,2,1)=",",_xlfn.TEXTJOIN(".",FALSE,MID(F15,1,1),MID(F15,3,LEN(F15)-2)),IF(MID(F15,3,1)=",",_xlfn.TEXTJOIN(".",FALSE,MID(F15,1,2),MID(F15,4,LEN(F15)-3)),IF(MID(F15,4,1)=",",_xlfn.TEXTJOIN(".",FALSE,MID(F15,1,3),MID(F15,5,LEN(F15)-4)),IF(MID(F15,5,1)=",",_xlfn.TEXTJOIN(".",FALSE,MID(F15,1,4),MID(F15,6,LEN(F15)-5)),F15)))) -> 6.943740434 | AJ15: =IF(MID(G15,2,1)=",",_xlfn.TEXTJOIN(".",FALSE,MID(G15,1,1),MID(G15,3,LEN(G15)-2)),IF(MID(G15,3,1)=",",_xlfn.TEXTJOIN(".",FALSE,MID(G15,1,2),MID(G15,4,LEN(G15)-3)),IF(MID(G15,4,1)=",",_xlfn.TEXTJOIN(".",FALSE,MID(G15,1,3),MID(G15,5,LEN(G15)-4)),IF(MID(G15,5,1)=",",_xlfn.TEXTJOIN(".",FALSE,MID(G15,1,4),MID(G15,6,LEN(G15)-5)),G15)))) -> 18.00906305 | AK15: =IF(MID(H15,2,1)=",",_xlfn.TEXTJOIN(".",FALSE,MID(H15,1,1),MID(H15,3,LEN(H15)-2)),IF(MID(H15,3,1)=",",_xlfn.TEXTJOIN(".",FALSE,MID(H15,1,2),MID(H15,4,LEN(H15)-3)),IF(MID(H15,4,1)=",",_xlfn.TEXTJOIN(".",FALSE,MID(H15,1,3),MID(H15,5,LEN(H15)-4)),IF(MID(H15,5,1)=",",_xlfn.TEXTJOIN(".",FALSE,MID(H15,1,4),MID(H15,6,LEN(H15)-5)),H15)))) -> 11.06532261 | AL15: =IF(MID(I15,2,1)=",",_xlfn.TEXTJOIN(".",FALSE,MID(I15,1,1),MID(I15,3,LEN(I15)-2)),IF(MID(I15,3,1)=",",_xlfn.TEXTJOIN(".",FALSE,MID(I15,1,2),MID(I15,4,LEN(I15)-3)),IF(MID(I15,4,1)=",",_xlfn.TEXTJOIN(".",FALSE,MID(I15,1,3),MID(I15,5,LEN(I15)-4)),IF(MID(I15,5,1)=",",_xlfn.TEXTJOIN(".",FALSE,MID(I15,1,4),MID(I15,6,LEN(I15)-5)),I15)))) -> 250.2926038 | AM15: =IF(MID(J15,2,1)=",",_xlfn.TEXTJOIN(".",FALSE,MID(J15,1,1),MID(J15,3,LEN(J15)-2)),IF(MID(J15,3,1)=",",_xlfn.TEXTJOIN(".",FALSE,MID(J15,1,2),MID(J15,4,LEN(J15)-3)),IF(MID(J15,4,1)=",",_xlfn.TEXTJOIN(".",FALSE,MID(J15,1,3),MID(J15,5,LEN(J15)-4)),IF(MID(J15,5,1)=",",_xlfn.TEXTJOIN(".",FALSE,MID(J15,1,4),MID(J15,6,LEN(J15)-5)),J15)))) -> 2541.551637 | AN15: =IF(MID(K15,2,1)=",",_xlfn.TEXTJOIN(".",FALSE,MID(K15,1,1),MID(K15,3,LEN(K15)-2)),IF(MID(K15,3,1)=",",_xlfn.TEXTJOIN(".",FALSE,MID(K15,1,2),MID(K15,4,LEN(K15)-3)),IF(MID(K15,4,1)=",",_xlfn.TEXTJOIN(".",FALSE,MID(K15,1,3),MID(K15,5,LEN(K15)-4)),IF(MID(K15,5,1)=",",_xlfn.TEXTJOIN(".",FALSE,MID(K15,1,4),MID(K15,6,LEN(K15)-5)),K15)))) -> 243.8738808 | AO15: =IF(MID(L15,2,1)=",",_xlfn.TEXTJOIN(".",FALSE,MID(L15,1,1),MID(L15,3,LEN(L15)-2)),IF(MID(L15,3,1)=",",_xlfn.TEXTJOIN(".",FALSE,MID(L15,1,2),MID(L15,4,LEN(L15)-3)),IF(MID(L15,4,1)=",",_xlfn.TEXTJOIN(".",FALSE,MID(L15,1,3),MID(L15,5,LEN(L15)-4)),IF(MID(L15,5,1)=",",_xlfn.TEXTJOIN(".",FALSE,MID(L15,1,4),MID(L15,6,LEN(L15)-5)),L15)))) -> 16.19644182 | AP15: =IF(MID(M15,2,1)=",",_xlfn.TEXTJOIN(".",FALSE,MID(M15,1,1),MID(M15,3,LEN(M15)-2)),IF(MID(M15,3,1)=",",_xlfn.TEXTJOIN(".",FALSE,MID(M15,1,2),MID(M15,4,LEN(M15)-3)),IF(MID(M15,4,1)=",",_xlfn.TEXTJOIN(".",FALSE,MID(M15,1,3),MID(M15,5,LEN(M15)-4)),IF(MID(M15,5,1)=",",_xlfn.TEXTJOIN(".",FALSE,MID(M15,1,4),MID(M15,6,LEN(M15)-5)),M15)))) -> 250.2926038 | ... BJ15: =IF(MID(AG15,2,1)=",",_xlfn.TEXTJOIN(".",FALSE,MID(AG15,1,1),MID(AG15,3,LEN(AG15)-2)),IF(MID(AG15,3,1)=",",_xlfn.TEXTJOIN(".",FALSE,MID(AG15,1,2),MID(AG15,4,LEN(AG15)-3)),IF(MID(AG15,4,1)=",",_xlfn.TEXTJOIN(".",FALSE,MID(AG15,1,3),MID(AG15,5,LEN(AG15)-4)),IF(MID(AG15,5,1)=",",_xlfn.TEXTJOIN(".",FALSE,MID(AG15,1,4),MID(AG15,6,LEN(AG15)-5)),AG15)))) -> 8.476542913
A16: 15 | B16: HK_UK_3-0 | C16: Gebäude für Gesundheit und Pflege | E16: 15 | F16: 5.7742053 | G16: 19.483317 | H16: 13.709111 | I16: 278.66795 | J16: 2934.1128 | K16: 1137.1605 | L16: 14.145264 | M16: 278.66795 | N16: 14.056899 | O16: 308.63545 | P16: 0.68116818 | Q16: 0.97814703 | R16: 0.40389703 | S16: 1.218429 | T16: 0.90882696 | U16: 1.0953877 | V16: 21.388721 | W16: 24.024169 | X16: 3.3957704 | Y16: 19.998993 | Z16: 26.018127 | AA16: 0.55689829 | AB16: 6.5288016 | AC16: 1.7573011 | AD16: 0.19683946 | AE16: 0.85416985 | AF16: 70.656204 | AG16: 4.261838 | AI16: =IF(MID(F16,2,1)=",",_xlfn.TEXTJOIN(".",FALSE,MID(F16,1,1),MID(F16,3,LEN(F16)-2)),IF(MID(F16,3,1)=",",_xlfn.TEXTJOIN(".",FALSE,MID(F16,1,2),MID(F16,4,LEN(F16)-3)),IF(MID(F16,4,1)=",",_xlfn.TEXTJOIN(".",FALSE,MID(F16,1,3),MID(F16,5,LEN(F16)-4)),IF(MID(F16,5,1)=",",_xlfn.TEXTJOIN(".",FALSE,MID(F16,1,4),MID(F16,6,LEN(F16)-5)),F16)))) -> 5.774205337 | AJ16: =IF(MID(G16,2,1)=",",_xlfn.TEXTJOIN(".",FALSE,MID(G16,1,1),MID(G16,3,LEN(G16)-2)),IF(MID(G16,3,1)=",",_xlfn.TEXTJOIN(".",FALSE,MID(G16,1,2),MID(G16,4,LEN(G16)-3)),IF(MID(G16,4,1)=",",_xlfn.TEXTJOIN(".",FALSE,MID(G16,1,3),MID(G16,5,LEN(G16)-4)),IF(MID(G16,5,1)=",",_xlfn.TEXTJOIN(".",FALSE,MID(G16,1,4),MID(G16,6,LEN(G16)-5)),G16)))) -> 19.48331652 | AK16: =IF(MID(H16,2,1)=",",_xlfn.TEXTJOIN(".",FALSE,MID(H16,1,1),MID(H16,3,LEN(H16)-2)),IF(MID(H16,3,1)=",",_xlfn.TEXTJOIN(".",FALSE,MID(H16,1,2),MID(H16,4,LEN(H16)-3)),IF(MID(H16,4,1)=",",_xlfn.TEXTJOIN(".",FALSE,MID(H16,1,3),MID(H16,5,LEN(H16)-4)),IF(MID(H16,5,1)=",",_xlfn.TEXTJOIN(".",FALSE,MID(H16,1,4),MID(H16,6,LEN(H16)-5)),H16)))) -> 13.70911118 | AL16: =IF(MID(I16,2,1)=",",_xlfn.TEXTJOIN(".",FALSE,MID(I16,1,1),MID(I16,3,LEN(I16)-2)),IF(MID(I16,3,1)=",",_xlfn.TEXTJOIN(".",FALSE,MID(I16,1,2),MID(I16,4,LEN(I16)-3)),IF(MID(I16,4,1)=",",_xlfn.TEXTJOIN(".",FALSE,MID(I16,1,3),MID(I16,5,LEN(I16)-4)),IF(MID(I16,5,1)=",",_xlfn.TEXTJOIN(".",FALSE,MID(I16,1,4),MID(I16,6,LEN(I16)-5)),I16)))) -> 278.6679452 | AM16: =IF(MID(J16,2,1)=",",_xlfn.TEXTJOIN(".",FALSE,MID(J16,1,1),MID(J16,3,LEN(J16)-2)),IF(MID(J16,3,1)=",",_xlfn.TEXTJOIN(".",FALSE,MID(J16,1,2),MID(J16,4,LEN(J16)-3)),IF(MID(J16,4,1)=",",_xlfn.TEXTJOIN(".",FALSE,MID(J16,1,3),MID(J16,5,LEN(J16)-4)),IF(MID(J16,5,1)=",",_xlfn.TEXTJOIN(".",FALSE,MID(J16,1,4),MID(J16,6,LEN(J16)-5)),J16)))) -> 2934.112816 | AN16: =IF(MID(K16,2,1)=",",_xlfn.TEXTJOIN(".",FALSE,MID(K16,1,1),MID(K16,3,LEN(K16)-2)),IF(MID(K16,3,1)=",",_xlfn.TEXTJOIN(".",FALSE,MID(K16,1,2),MID(K16,4,LEN(K16)-3)),IF(MID(K16,4,1)=",",_xlfn.TEXTJOIN(".",FALSE,MID(K16,1,3),MID(K16,5,LEN(K16)-4)),IF(MID(K16,5,1)=",",_xlfn.TEXTJOIN(".",FALSE,MID(K16,1,4),MID(K16,6,LEN(K16)-5)),K16)))) -> 1137.160457 | AO16: =IF(MID(L16,2,1)=",",_xlfn.TEXTJOIN(".",FALSE,MID(L16,1,1),MID(L16,3,LEN(L16)-2)),IF(MID(L16,3,1)=",",_xlfn.TEXTJOIN(".",FALSE,MID(L16,1,2),MID(L16,4,LEN(L16)-3)),IF(MID(L16,4,1)=",",_xlfn.TEXTJOIN(".",FALSE,MID(L16,1,3),MID(L16,5,LEN(L16)-4)),IF(MID(L16,5,1)=",",_xlfn.TEXTJOIN(".",FALSE,MID(L16,1,4),MID(L16,6,LEN(L16)-5)),L16)))) -> 14.14526385 | AP16: =IF(MID(M16,2,1)=",",_xlfn.TEXTJOIN(".",FALSE,MID(M16,1,1),MID(M16,3,LEN(M16)-2)),IF(MID(M16,3,1)=",",_xlfn.TEXTJOIN(".",FALSE,MID(M16,1,2),MID(M16,4,LEN(M16)-3)),IF(MID(M16,4,1)=",",_xlfn.TEXTJOIN(".",FALSE,MID(M16,1,3),MID(M16,5,LEN(M16)-4)),IF(MID(M16,5,1)=",",_xlfn.TEXTJOIN(".",FALSE,MID(M16,1,4),MID(M16,6,LEN(M16)-5)),M16)))) -> 278.6679452 | ... BJ16: =IF(MID(AG16,2,1)=",",_xlfn.TEXTJOIN(".",FALSE,MID(AG16,1,1),MID(AG16,3,LEN(AG16)-2)),IF(MID(AG16,3,1)=",",_xlfn.TEXTJOIN(".",FALSE,MID(AG16,1,2),MID(AG16,4,LEN(AG16)-3)),IF(MID(AG16,4,1)=",",_xlfn.TEXTJOIN(".",FALSE,MID(AG16,1,3),MID(AG16,5,LEN(AG16)-4)),IF(MID(AG16,5,1)=",",_xlfn.TEXTJOIN(".",FALSE,MID(AG16,1,4),MID(AG16,6,LEN(AG16)-5)),AG16)))) -> 4.261837985
A17: 16 | B17: HK_UK_3-1 | C17: Gebäude für Gesundheit und Pflege | D17: Hochschulklinik | E17: 16 | F17: 5.7742053 | G17: 19.483317 | H17: 13.709111 | I17: 278.66795 | J17: 2934.1128 | K17: 1137.1605 | L17: 14.145264 | M17: 278.66795 | N17: 14.056899 | O17: 308.63545 | P17: 0.68116818 | Q17: 0.97814703 | R17: 0.40389703 | S17: 1.218429 | T17: 0.90882696 | U17: 1.0953877 | V17: 21.388721 | W17: 24.024169 | X17: 3.3957704 | Y17: 19.998993 | Z17: 26.018127 | AA17: 0.55689829 | AB17: 6.5288016 | AC17: 1.7573011 | AD17: 0.19683946 | AE17: 0.85416985 | AF17: 70.656204 | AG17: 4.261838 | AI17: =IF(MID(F17,2,1)=",",_xlfn.TEXTJOIN(".",FALSE,MID(F17,1,1),MID(F17,3,LEN(F17)-2)),IF(MID(F17,3,1)=",",_xlfn.TEXTJOIN(".",FALSE,MID(F17,1,2),MID(F17,4,LEN(F17)-3)),IF(MID(F17,4,1)=",",_xlfn.TEXTJOIN(".",FALSE,MID(F17,1,3),MID(F17,5,LEN(F17)-4)),IF(MID(F17,5,1)=",",_xlfn.TEXTJOIN(".",FALSE,MID(F17,1,4),MID(F17,6,LEN(F17)-5)),F17)))) -> 5.774205337 | AJ17: =IF(MID(G17,2,1)=",",_xlfn.TEXTJOIN(".",FALSE,MID(G17,1,1),MID(G17,3,LEN(G17)-2)),IF(MID(G17,3,1)=",",_xlfn.TEXTJOIN(".",FALSE,MID(G17,1,2),MID(G17,4,LEN(G17)-3)),IF(MID(G17,4,1)=",",_xlfn.TEXTJOIN(".",FALSE,MID(G17,1,3),MID(G17,5,LEN(G17)-4)),IF(MID(G17,5,1)=",",_xlfn.TEXTJOIN(".",FALSE,MID(G17,1,4),MID(G17,6,LEN(G17)-5)),G17)))) -> 19.48331652 | AK17: =IF(MID(H17,2,1)=",",_xlfn.TEXTJOIN(".",FALSE,MID(H17,1,1),MID(H17,3,LEN(H17)-2)),IF(MID(H17,3,1)=",",_xlfn.TEXTJOIN(".",FALSE,MID(H17,1,2),MID(H17,4,LEN(H17)-3)),IF(MID(H17,4,1)=",",_xlfn.TEXTJOIN(".",FALSE,MID(H17,1,3),MID(H17,5,LEN(H17)-4)),IF(MID(H17,5,1)=",",_xlfn.TEXTJOIN(".",FALSE,MID(H17,1,4),MID(H17,6,LEN(H17)-5)),H17)))) -> 13.70911118 | AL17: =IF(MID(I17,2,1)=",",_xlfn.TEXTJOIN(".",FALSE,MID(I17,1,1),MID(I17,3,LEN(I17)-2)),IF(MID(I17,3,1)=",",_xlfn.TEXTJOIN(".",FALSE,MID(I17,1,2),MID(I17,4,LEN(I17)-3)),IF(MID(I17,4,1)=",",_xlfn.TEXTJOIN(".",FALSE,MID(I17,1,3),MID(I17,5,LEN(I17)-4)),IF(MID(I17,5,1)=",",_xlfn.TEXTJOIN(".",FALSE,MID(I17,1,4),MID(I17,6,LEN(I17)-5)),I17)))) -> 278.6679452 | AM17: =IF(MID(J17,2,1)=",",_xlfn.TEXTJOIN(".",FALSE,MID(J17,1,1),MID(J17,3,LEN(J17)-2)),IF(MID(J17,3,1)=",",_xlfn.TEXTJOIN(".",FALSE,MID(J17,1,2),MID(J17,4,LEN(J17)-3)),IF(MID(J17,4,1)=",",_xlfn.TEXTJOIN(".",FALSE,MID(J17,1,3),MID(J17,5,LEN(J17)-4)),IF(MID(J17,5,1)=",",_xlfn.TEXTJOIN(".",FALSE,MID(J17,1,4),MID(J17,6,LEN(J17)-5)),J17)))) -> 2934.112816 | AN17: =IF(MID(K17,2,1)=",",_xlfn.TEXTJOIN(".",FALSE,MID(K17,1,1),MID(K17,3,LEN(K17)-2)),IF(MID(K17,3,1)=",",_xlfn.TEXTJOIN(".",FALSE,MID(K17,1,2),MID(K17,4,LEN(K17)-3)),IF(MID(K17,4,1)=",",_xlfn.TEXTJOIN(".",FALSE,MID(K17,1,3),MID(K17,5,LEN(K17)-4)),IF(MID(K17,5,1)=",",_xlfn.TEXTJOIN(".",FALSE,MID(K17,1,4),MID(K17,6,LEN(K17)-5)),K17)))) -> 1137.160457 | AO17: =IF(MID(L17,2,1)=",",_xlfn.TEXTJOIN(".",FALSE,MID(L17,1,1),MID(L17,3,LEN(L17)-2)),IF(MID(L17,3,1)=",",_xlfn.TEXTJOIN(".",FALSE,MID(L17,1,2),MID(L17,4,LEN(L17)-3)),IF(MID(L17,4,1)=",",_xlfn.TEXTJOIN(".",FALSE,MID(L17,1,3),MID(L17,5,LEN(L17)-4)),IF(MID(L17,5,1)=",",_xlfn.TEXTJOIN(".",FALSE,MID(L17,1,4),MID(L17,6,LEN(L17)-5)),L17)))) -> 14.14526385 | AP17: =IF(MID(M17,2,1)=",",_xlfn.TEXTJOIN(".",FALSE,MID(M17,1,1),MID(M17,3,LEN(M17)-2)),IF(MID(M17,3,1)=",",_xlfn.TEXTJOIN(".",FALSE,MID(M17,1,2),MID(M17,4,LEN(M17)-3)),IF(MID(M17,4,1)=",",_xlfn.TEXTJOIN(".",FALSE,MID(M17,1,3),MID(M17,5,LEN(M17)-4)),IF(MID(M17,5,1)=",",_xlfn.TEXTJOIN(".",FALSE,MID(M17,1,4),MID(M17,6,LEN(M17)-5)),M17)))) -> 278.6679452 | ... BJ17: =IF(MID(AG17,2,1)=",",_xlfn.TEXTJOIN(".",FALSE,MID(AG17,1,1),MID(AG17,3,LEN(AG17)-2)),IF(MID(AG17,3,1)=",",_xlfn.TEXTJOIN(".",FALSE,MID(AG17,1,2),MID(AG17,4,LEN(AG17)-3)),IF(MID(AG17,4,1)=",",_xlfn.TEXTJOIN(".",FALSE,MID(AG17,1,3),MID(AG17,5,LEN(AG17)-4)),IF(MID(AG17,5,1)=",",_xlfn.TEXTJOIN(".",FALSE,MID(AG17,1,4),MID(AG17,6,LEN(AG17)-5)),AG17)))) -> 4.261837985
A18: 17 | B18: HK_UK_3-2 | C18: Gebäude für Gesundheit und Pflege | D18: Krankenhaus | E18: 17 | F18: 3.6230277 | G18: 21.133364 | H18: 17.510336 | I18: 309.53456 | J18: 3469.9661 | K18: 2314.6307 | L18: 16.523368 | M18: 309.53456 | N18: 16.346958 | O18: 252.28752 | P18: 0.65922741 | Q18: 0.98194897 | R18: 0.40465181 | S18: 1.2572072 | T18: 0.80516615 | U18: 1.0905776 | V18: 21.371297 | W18: 24 | X18: 2.8146336 | Y18: 20.004487 | Z18: 26 | AA18: 0.34620759 | AB18: 5.8460797 | AC18: 1.5061458 | AD18: 0.1021238 | AE18: 0.87538525 | AF18: 70.449895 | AG18: 4.4391764 | AI18: =IF(MID(F18,2,1)=",",_xlfn.TEXTJOIN(".",FALSE,MID(F18,1,1),MID(F18,3,LEN(F18)-2)),IF(MID(F18,3,1)=",",_xlfn.TEXTJOIN(".",FALSE,MID(F18,1,2),MID(F18,4,LEN(F18)-3)),IF(MID(F18,4,1)=",",_xlfn.TEXTJOIN(".",FALSE,MID(F18,1,3),MID(F18,5,LEN(F18)-4)),IF(MID(F18,5,1)=",",_xlfn.TEXTJOIN(".",FALSE,MID(F18,1,4),MID(F18,6,LEN(F18)-5)),F18)))) -> 3.623027733 | AJ18: =IF(MID(G18,2,1)=",",_xlfn.TEXTJOIN(".",FALSE,MID(G18,1,1),MID(G18,3,LEN(G18)-2)),IF(MID(G18,3,1)=",",_xlfn.TEXTJOIN(".",FALSE,MID(G18,1,2),MID(G18,4,LEN(G18)-3)),IF(MID(G18,4,1)=",",_xlfn.TEXTJOIN(".",FALSE,MID(G18,1,3),MID(G18,5,LEN(G18)-4)),IF(MID(G18,5,1)=",",_xlfn.TEXTJOIN(".",FALSE,MID(G18,1,4),MID(G18,6,LEN(G18)-5)),G18)))) -> 21.13336391 | AK18: =IF(MID(H18,2,1)=",",_xlfn.TEXTJOIN(".",FALSE,MID(H18,1,1),MID(H18,3,LEN(H18)-2)),IF(MID(H18,3,1)=",",_xlfn.TEXTJOIN(".",FALSE,MID(H18,1,2),MID(H18,4,LEN(H18)-3)),IF(MID(H18,4,1)=",",_xlfn.TEXTJOIN(".",FALSE,MID(H18,1,3),MID(H18,5,LEN(H18)-4)),IF(MID(H18,5,1)=",",_xlfn.TEXTJOIN(".",FALSE,MID(H18,1,4),MID(H18,6,LEN(H18)-5)),H18)))) -> 17.51033617 | AL18: =IF(MID(I18,2,1)=",",_xlfn.TEXTJOIN(".",FALSE,MID(I18,1,1),MID(I18,3,LEN(I18)-2)),IF(MID(I18,3,1)=",",_xlfn.TEXTJOIN(".",FALSE,MID(I18,1,2),MID(I18,4,LEN(I18)-3)),IF(MID(I18,4,1)=",",_xlfn.TEXTJOIN(".",FALSE,MID(I18,1,3),MID(I18,5,LEN(I18)-4)),IF(MID(I18,5,1)=",",_xlfn.TEXTJOIN(".",FALSE,MID(I18,1,4),MID(I18,6,LEN(I18)-5)),I18)))) -> 309.534559 | AM18: =IF(MID(J18,2,1)=",",_xlfn.TEXTJOIN(".",FALSE,MID(J18,1,1),MID(J18,3,LEN(J18)-2)),IF(MID(J18,3,1)=",",_xlfn.TEXTJOIN(".",FALSE,MID(J18,1,2),MID(J18,4,LEN(J18)-3)),IF(MID(J18,4,1)=",",_xlfn.TEXTJOIN(".",FALSE,MID(J18,1,3),MID(J18,5,LEN(J18)-4)),IF(MID(J18,5,1)=",",_xlfn.TEXTJOIN(".",FALSE,MID(J18,1,4),MID(J18,6,LEN(J18)-5)),J18)))) -> 3469.966121 | AN18: =IF(MID(K18,2,1)=",",_xlfn.TEXTJOIN(".",FALSE,MID(K18,1,1),MID(K18,3,LEN(K18)-2)),IF(MID(K18,3,1)=",",_xlfn.TEXTJOIN(".",FALSE,MID(K18,1,2),MID(K18,4,LEN(K18)-3)),IF(MID(K18,4,1)=",",_xlfn.TEXTJOIN(".",FALSE,MID(K18,1,3),MID(K18,5,LEN(K18)-4)),IF(MID(K18,5,1)=",",_xlfn.TEXTJOIN(".",FALSE,MID(K18,1,4),MID(K18,6,LEN(K18)-5)),K18)))) -> 2314.630692 | AO18: =IF(MID(L18,2,1)=",",_xlfn.TEXTJOIN(".",FALSE,MID(L18,1,1),MID(L18,3,LEN(L18)-2)),IF(MID(L18,3,1)=",",_xlfn.TEXTJOIN(".",FALSE,MID(L18,1,2),MID(L18,4,LEN(L18)-3)),IF(MID(L18,4,1)=",",_xlfn.TEXTJOIN(".",FALSE,MID(L18,1,3),MID(L18,5,LEN(L18)-4)),IF(MID(L18,5,1)=",",_xlfn.TEXTJOIN(".",FALSE,MID(L18,1,4),MID(L18,6,LEN(L18)-5)),L18)))) -> 16.52336816 | AP18: =IF(MID(M18,2,1)=",",_xlfn.TEXTJOIN(".",FALSE,MID(M18,1,1),MID(M18,3,LEN(M18)-2)),IF(MID(M18,3,1)=",",_xlfn.TEXTJOIN(".",FALSE,MID(M18,1,2),MID(M18,4,LEN(M18)-3)),IF(MID(M18,4,1)=",",_xlfn.TEXTJOIN(".",FALSE,MID(M18,1,3),MID(M18,5,LEN(M18)-4)),IF(MID(M18,5,1)=",",_xlfn.TEXTJOIN(".",FALSE,MID(M18,1,4),MID(M18,6,LEN(M18)-5)),M18)))) -> 309.534559 | ... BJ18: =IF(MID(AG18,2,1)=",",_xlfn.TEXTJOIN(".",FALSE,MID(AG18,1,1),MID(AG18,3,LEN(AG18)-2)),IF(MID(AG18,3,1)=",",_xlfn.TEXTJOIN(".",FALSE,MID(AG18,1,2),MID(AG18,4,LEN(AG18)-3)),IF(MID(AG18,4,1)=",",_xlfn.TEXTJOIN(".",FALSE,MID(AG18,1,3),MID(AG18,5,LEN(AG18)-4)),IF(MID(AG18,5,1)=",",_xlfn.TEXTJOIN(".",FALSE,MID(AG18,1,4),MID(AG18,6,LEN(AG18)-5)),AG18)))) -> 4.439176422
A19: 18 | B19: HK_UK_3-3 | C19: Gebäude für Gesundheit und Pflege | D19: Gebäude für teilstationäre Versorgung (z.B. Tagesklinik, Geburtshaus) | E19: 18 | F19: 7.0372804 | G19: 18.530376 | H19: 11.493095 | I19: 260.92358 | J19: 2623.7026 | K19: 452.67154 | L19: 13.132554 | M19: 260.92358 | N19: 13.029242 | O19: 329.22111 | P19: 0.6880402 | Q19: 0.9778392 | R19: 0.4018549 | S19: 1.2144221 | T19: 0.97101767 | U19: 1.1035399 | V19: 21.39799 | W19: 24.024121 | X19: 3.6301508 | Y19: 19.990955 | Z19: 26.01809 | AA19: 0.63718593 | AB19: 6.7240201 | AC19: 1.8542714 | AD19: 0.25122783 | AE19: 0.8453229 | AF19: 70.797371 | AG19: 4.0272743 | AI19: =IF(MID(F19,2,1)=",",_xlfn.TEXTJOIN(".",FALSE,MID(F19,1,1),MID(F19,3,LEN(F19)-2)),IF(MID(F19,3,1)=",",_xlfn.TEXTJOIN(".",FALSE,MID(F19,1,2),MID(F19,4,LEN(F19)-3)),IF(MID(F19,4,1)=",",_xlfn.TEXTJOIN(".",FALSE,MID(F19,1,3),MID(F19,5,LEN(F19)-4)),IF(MID(F19,5,1)=",",_xlfn.TEXTJOIN(".",FALSE,MID(F19,1,4),MID(F19,6,LEN(F19)-5)),F19)))) -> 7.037280403 | AJ19: =IF(MID(G19,2,1)=",",_xlfn.TEXTJOIN(".",FALSE,MID(G19,1,1),MID(G19,3,LEN(G19)-2)),IF(MID(G19,3,1)=",",_xlfn.TEXTJOIN(".",FALSE,MID(G19,1,2),MID(G19,4,LEN(G19)-3)),IF(MID(G19,4,1)=",",_xlfn.TEXTJOIN(".",FALSE,MID(G19,1,3),MID(G19,5,LEN(G19)-4)),IF(MID(G19,5,1)=",",_xlfn.TEXTJOIN(".",FALSE,MID(G19,1,4),MID(G19,6,LEN(G19)-5)),G19)))) -> 18.53037567 | AK19: =IF(MID(H19,2,1)=",",_xlfn.TEXTJOIN(".",FALSE,MID(H19,1,1),MID(H19,3,LEN(H19)-2)),IF(MID(H19,3,1)=",",_xlfn.TEXTJOIN(".",FALSE,MID(H19,1,2),MID(H19,4,LEN(H19)-3)),IF(MID(H19,4,1)=",",_xlfn.TEXTJOIN(".",FALSE,MID(H19,1,3),MID(H19,5,LEN(H19)-4)),IF(MID(H19,5,1)=",",_xlfn.TEXTJOIN(".",FALSE,MID(H19,1,4),MID(H19,6,LEN(H19)-5)),H19)))) -> 11.49309527 | AL19: =IF(MID(I19,2,1)=",",_xlfn.TEXTJOIN(".",FALSE,MID(I19,1,1),MID(I19,3,LEN(I19)-2)),IF(MID(I19,3,1)=",",_xlfn.TEXTJOIN(".",FALSE,MID(I19,1,2),MID(I19,4,LEN(I19)-3)),IF(MID(I19,4,1)=",",_xlfn.TEXTJOIN(".",FALSE,MID(I19,1,3),MID(I19,5,LEN(I19)-4)),IF(MID(I19,5,1)=",",_xlfn.TEXTJOIN(".",FALSE,MID(I19,1,4),MID(I19,6,LEN(I19)-5)),I19)))) -> 260.9235795 | AM19: =IF(MID(J19,2,1)=",",_xlfn.TEXTJOIN(".",FALSE,MID(J19,1,1),MID(J19,3,LEN(J19)-2)),IF(MID(J19,3,1)=",",_xlfn.TEXTJOIN(".",FALSE,MID(J19,1,2),MID(J19,4,LEN(J19)-3)),IF(MID(J19,4,1)=",",_xlfn.TEXTJOIN(".",FALSE,MID(J19,1,3),MID(J19,5,LEN(J19)-4)),IF(MID(J19,5,1)=",",_xlfn.TEXTJOIN(".",FALSE,MID(J19,1,4),MID(J19,6,LEN(J19)-5)),J19)))) -> 2623.70257 | AN19: =IF(MID(K19,2,1)=",",_xlfn.TEXTJOIN(".",FALSE,MID(K19,1,1),MID(K19,3,LEN(K19)-2)),IF(MID(K19,3,1)=",",_xlfn.TEXTJOIN(".",FALSE,MID(K19,1,2),MID(K19,4,LEN(K19)-3)),IF(MID(K19,4,1)=",",_xlfn.TEXTJOIN(".",FALSE,MID(K19,1,3),MID(K19,5,LEN(K19)-4)),IF(MID(K19,5,1)=",",_xlfn.TEXTJOIN(".",FALSE,MID(K19,1,4),MID(K19,6,LEN(K19)-5)),K19)))) -> 452.6715396 | AO19: =IF(MID(L19,2,1)=",",_xlfn.TEXTJOIN(".",FALSE,MID(L19,1,1),MID(L19,3,LEN(L19)-2)),IF(MID(L19,3,1)=",",_xlfn.TEXTJOIN(".",FALSE,MID(L19,1,2),MID(L19,4,LEN(L19)-3)),IF(MID(L19,4,1)=",",_xlfn.TEXTJOIN(".",FALSE,MID(L19,1,3),MID(L19,5,LEN(L19)-4)),IF(MID(L19,5,1)=",",_xlfn.TEXTJOIN(".",FALSE,MID(L19,1,4),MID(L19,6,LEN(L19)-5)),L19)))) -> 13.13255407 | AP19: =IF(MID(M19,2,1)=",",_xlfn.TEXTJOIN(".",FALSE,MID(M19,1,1),MID(M19,3,LEN(M19)-2)),IF(MID(M19,3,1)=",",_xlfn.TEXTJOIN(".",FALSE,MID(M19,1,2),MID(M19,4,LEN(M19)-3)),IF(MID(M19,4,1)=",",_xlfn.TEXTJOIN(".",FALSE,MID(M19,1,3),MID(M19,5,LEN(M19)-4)),IF(MID(M19,5,1)=",",_xlfn.TEXTJOIN(".",FALSE,MID(M19,1,4),MID(M19,6,LEN(M19)-5)),M19)))) -> 260.9235795 | ... BJ19: =IF(MID(AG19,2,1)=",",_xlfn.TEXTJOIN(".",FALSE,MID(AG19,1,1),MID(AG19,3,LEN(AG19)-2)),IF(MID(AG19,3,1)=",",_xlfn.TEXTJOIN(".",FALSE,MID(AG19,1,2),MID(AG19,4,LEN(AG19)-3)),IF(MID(AG19,4,1)=",",_xlfn.TEXTJOIN(".",FALSE,MID(AG19,1,3),MID(AG19,5,LEN(AG19)-4)),IF(MID(AG19,5,1)=",",_xlfn.TEXTJOIN(".",FALSE,MID(AG19,1,4),MID(AG19,6,LEN(AG19)-5)),AG19)))) -> 4.027274337
A20: 19 | B20: HK_UK_3-4 | C20: Gebäude für Gesundheit und Pflege | D20: Rehabilitation | E20: 19 | F20: 4.5026938 | G20: 20.194901 | H20: 15.692208 | I20: 292.15365 | J20: 3209.6438 | K20: 1719.701 | L20: 15.210033 | M20: 292.15365 | N20: 15.210033 | O20: 316.33537 | P20: 0.73027523 | Q20: 0.96707441 | R20: 0.43883468 | S20: 1.209633 | T20: 0.8568734 | U20: 1.0353492 | V20: 21.27421 | W20: 24 | X20: 2.90316 | Y20: 20 | Z20: 26 | AA20: 0.51172273 | AB20: 9.1168196 | AC20: 2.1202854 | AD20: 0.2221342 | AE20: 0.81632212 | AF20: 70.102771 | AG20: 5.5286236 | AI20: =IF(MID(F20,2,1)=",",_xlfn.TEXTJOIN(".",FALSE,MID(F20,1,1),MID(F20,3,LEN(F20)-2)),IF(MID(F20,3,1)=",",_xlfn.TEXTJOIN(".",FALSE,MID(F20,1,2),MID(F20,4,LEN(F20)-3)),IF(MID(F20,4,1)=",",_xlfn.TEXTJOIN(".",FALSE,MID(F20,1,3),MID(F20,5,LEN(F20)-4)),IF(MID(F20,5,1)=",",_xlfn.TEXTJOIN(".",FALSE,MID(F20,1,4),MID(F20,6,LEN(F20)-5)),F20)))) -> 4.502693806 | AJ20: =IF(MID(G20,2,1)=",",_xlfn.TEXTJOIN(".",FALSE,MID(G20,1,1),MID(G20,3,LEN(G20)-2)),IF(MID(G20,3,1)=",",_xlfn.TEXTJOIN(".",FALSE,MID(G20,1,2),MID(G20,4,LEN(G20)-3)),IF(MID(G20,4,1)=",",_xlfn.TEXTJOIN(".",FALSE,MID(G20,1,3),MID(G20,5,LEN(G20)-4)),IF(MID(G20,5,1)=",",_xlfn.TEXTJOIN(".",FALSE,MID(G20,1,4),MID(G20,6,LEN(G20)-5)),G20)))) -> 20.19490133 | AK20: =IF(MID(H20,2,1)=",",_xlfn.TEXTJOIN(".",FALSE,MID(H20,1,1),MID(H20,3,LEN(H20)-2)),IF(MID(H20,3,1)=",",_xlfn.TEXTJOIN(".",FALSE,MID(H20,1,2),MID(H20,4,LEN(H20)-3)),IF(MID(H20,4,1)=",",_xlfn.TEXTJOIN(".",FALSE,MID(H20,1,3),MID(H20,5,LEN(H20)-4)),IF(MID(H20,5,1)=",",_xlfn.TEXTJOIN(".",FALSE,MID(H20,1,4),MID(H20,6,LEN(H20)-5)),H20)))) -> 15.69220752 | AL20: =IF(MID(I20,2,1)=",",_xlfn.TEXTJOIN(".",FALSE,MID(I20,1,1),MID(I20,3,LEN(I20)-2)),IF(MID(I20,3,1)=",",_xlfn.TEXTJOIN(".",FALSE,MID(I20,1,2),MID(I20,4,LEN(I20)-3)),IF(MID(I20,4,1)=",",_xlfn.TEXTJOIN(".",FALSE,MID(I20,1,3),MID(I20,5,LEN(I20)-4)),IF(MID(I20,5,1)=",",_xlfn.TEXTJOIN(".",FALSE,MID(I20,1,4),MID(I20,6,LEN(I20)-5)),I20)))) -> 292.1536475 | AM20: =IF(MID(J20,2,1)=",",_xlfn.TEXTJOIN(".",FALSE,MID(J20,1,1),MID(J20,3,LEN(J20)-2)),IF(MID(J20,3,1)=",",_xlfn.TEXTJOIN(".",FALSE,MID(J20,1,2),MID(J20,4,LEN(J20)-3)),IF(MID(J20,4,1)=",",_xlfn.TEXTJOIN(".",FALSE,MID(J20,1,3),MID(J20,5,LEN(J20)-4)),IF(MID(J20,5,1)=",",_xlfn.TEXTJOIN(".",FALSE,MID(J20,1,4),MID(J20,6,LEN(J20)-5)),J20)))) -> 3209.643828 | AN20: =IF(MID(K20,2,1)=",",_xlfn.TEXTJOIN(".",FALSE,MID(K20,1,1),MID(K20,3,LEN(K20)-2)),IF(MID(K20,3,1)=",",_xlfn.TEXTJOIN(".",FALSE,MID(K20,1,2),MID(K20,4,LEN(K20)-3)),IF(MID(K20,4,1)=",",_xlfn.TEXTJOIN(".",FALSE,MID(K20,1,3),MID(K20,5,LEN(K20)-4)),IF(MID(K20,5,1)=",",_xlfn.TEXTJOIN(".",FALSE,MID(K20,1,4),MID(K20,6,LEN(K20)-5)),K20)))) -> 1719.700996 | AO20: =IF(MID(L20,2,1)=",",_xlfn.TEXTJOIN(".",FALSE,MID(L20,1,1),MID(L20,3,LEN(L20)-2)),IF(MID(L20,3,1)=",",_xlfn.TEXTJOIN(".",FALSE,MID(L20,1,2),MID(L20,4,LEN(L20)-3)),IF(MID(L20,4,1)=",",_xlfn.TEXTJOIN(".",FALSE,MID(L20,1,3),MID(L20,5,LEN(L20)-4)),IF(MID(L20,5,1)=",",_xlfn.TEXTJOIN(".",FALSE,MID(L20,1,4),MID(L20,6,LEN(L20)-5)),L20)))) -> 15.2100335 | AP20: =IF(MID(M20,2,1)=",",_xlfn.TEXTJOIN(".",FALSE,MID(M20,1,1),MID(M20,3,LEN(M20)-2)),IF(MID(M20,3,1)=",",_xlfn.TEXTJOIN(".",FALSE,MID(M20,1,2),MID(M20,4,LEN(M20)-3)),IF(MID(M20,4,1)=",",_xlfn.TEXTJOIN(".",FALSE,MID(M20,1,3),MID(M20,5,LEN(M20)-4)),IF(MID(M20,5,1)=",",_xlfn.TEXTJOIN(".",FALSE,MID(M20,1,4),MID(M20,6,LEN(M20)-5)),M20)))) -> 292.1536475 | ... BJ20: =IF(MID(AG20,2,1)=",",_xlfn.TEXTJOIN(".",FALSE,MID(AG20,1,1),MID(AG20,3,LEN(AG20)-2)),IF(MID(AG20,3,1)=",",_xlfn.TEXTJOIN(".",FALSE,MID(AG20,1,2),MID(AG20,4,LEN(AG20)-3)),IF(MID(AG20,4,1)=",",_xlfn.TEXTJOIN(".",FALSE,MID(AG20,1,3),MID(AG20,5,LEN(AG20)-4)),IF(MID(AG20,5,1)=",",_xlfn.TEXTJOIN(".",FALSE,MID(AG20,1,4),MID(AG20,6,LEN(AG20)-5)),AG20)))) -> 5.52862363
A21: 20 | B21: HK_UK_3-5 | C21: Gebäude für Gesundheit und Pflege | D21: Kur und Genesung | E21: 20 | F21: 5.7358614 | G21: 18.503476 | H21: 12.767614 | I21: 279.40119 | J21: 2672.7195 | K21: 1052.9931 | L21: 14.507478 | M21: 279.40119 | N21: 14.493628 | O21: 286.70404 | P21: 0.6637925 | Q21: 0.97322922 | R21: 0.48607902 | S21: 1.1650094 | T21: 0.88912826 | U21: 1.0424316 | V21: 21.284116 | W21: 24.214304 | X21: 3.4408258 | Y21: 20.072328 | Z21: 26.160728 | AA21: 0.55477115 | AB21: 7.2694332 | AC21: 1.7889259 | AD21: 0.25083403 | AE21: 0.81948641 | AF21: 70.359228 | AG21: 5.4416458 | AI21: =IF(MID(F21,2,1)=",",_xlfn.TEXTJOIN(".",FALSE,MID(F21,1,1),MID(F21,3,LEN(F21)-2)),IF(MID(F21,3,1)=",",_xlfn.TEXTJOIN(".",FALSE,MID(F21,1,2),MID(F21,4,LEN(F21)-3)),IF(MID(F21,4,1)=",",_xlfn.TEXTJOIN(".",FALSE,MID(F21,1,3),MID(F21,5,LEN(F21)-4)),IF(MID(F21,5,1)=",",_xlfn.TEXTJOIN(".",FALSE,MID(F21,1,4),MID(F21,6,LEN(F21)-5)),F21)))) -> 5.73586135 | AJ21: =IF(MID(G21,2,1)=",",_xlfn.TEXTJOIN(".",FALSE,MID(G21,1,1),MID(G21,3,LEN(G21)-2)),IF(MID(G21,3,1)=",",_xlfn.TEXTJOIN(".",FALSE,MID(G21,1,2),MID(G21,4,LEN(G21)-3)),IF(MID(G21,4,1)=",",_xlfn.TEXTJOIN(".",FALSE,MID(G21,1,3),MID(G21,5,LEN(G21)-4)),IF(MID(G21,5,1)=",",_xlfn.TEXTJOIN(".",FALSE,MID(G21,1,4),MID(G21,6,LEN(G21)-5)),G21)))) -> 18.50347561 | AK21: =IF(MID(H21,2,1)=",",_xlfn.TEXTJOIN(".",FALSE,MID(H21,1,1),MID(H21,3,LEN(H21)-2)),IF(MID(H21,3,1)=",",_xlfn.TEXTJOIN(".",FALSE,MID(H21,1,2),MID(H21,4,LEN(H21)-3)),IF(MID(H21,4,1)=",",_xlfn.TEXTJOIN(".",FALSE,MID(H21,1,3),MID(H21,5,LEN(H21)-4)),IF(MID(H21,5,1)=",",_xlfn.TEXTJOIN(".",FALSE,MID(H21,1,4),MID(H21,6,LEN(H21)-5)),H21)))) -> 12.76761426 | AL21: =IF(MID(I21,2,1)=",",_xlfn.TEXTJOIN(".",FALSE,MID(I21,1,1),MID(I21,3,LEN(I21)-2)),IF(MID(I21,3,1)=",",_xlfn.TEXTJOIN(".",FALSE,MID(I21,1,2),MID(I21,4,LEN(I21)-3)),IF(MID(I21,4,1)=",",_xlfn.TEXTJOIN(".",FALSE,MID(I21,1,3),MID(I21,5,LEN(I21)-4)),IF(MID(I21,5,1)=",",_xlfn.TEXTJOIN(".",FALSE,MID(I21,1,4),MID(I21,6,LEN(I21)-5)),I21)))) -> 279.4011912 | AM21: =IF(MID(J21,2,1)=",",_xlfn.TEXTJOIN(".",FALSE,MID(J21,1,1),MID(J21,3,LEN(J21)-2)),IF(MID(J21,3,1)=",",_xlfn.TEXTJOIN(".",FALSE,MID(J21,1,2),MID(J21,4,LEN(J21)-3)),IF(MID(J21,4,1)=",",_xlfn.TEXTJOIN(".",FALSE,MID(J21,1,3),MID(J21,5,LEN(J21)-4)),IF(MID(J21,5,1)=",",_xlfn.TEXTJOIN(".",FALSE,MID(J21,1,4),MID(J21,6,LEN(J21)-5)),J21)))) -> 2672.719498 | AN21: =IF(MID(K21,2,1)=",",_xlfn.TEXTJOIN(".",FALSE,MID(K21,1,1),MID(K21,3,LEN(K21)-2)),IF(MID(K21,3,1)=",",_xlfn.TEXTJOIN(".",FALSE,MID(K21,1,2),MID(K21,4,LEN(K21)-3)),IF(MID(K21,4,1)=",",_xlfn.TEXTJOIN(".",FALSE,MID(K21,1,3),MID(K21,5,LEN(K21)-4)),IF(MID(K21,5,1)=",",_xlfn.TEXTJOIN(".",FALSE,MID(K21,1,4),MID(K21,6,LEN(K21)-5)),K21)))) -> 1052.993121 | AO21: =IF(MID(L21,2,1)=",",_xlfn.TEXTJOIN(".",FALSE,MID(L21,1,1),MID(L21,3,LEN(L21)-2)),IF(MID(L21,3,1)=",",_xlfn.TEXTJOIN(".",FALSE,MID(L21,1,2),MID(L21,4,LEN(L21)-3)),IF(MID(L21,4,1)=",",_xlfn.TEXTJOIN(".",FALSE,MID(L21,1,3),MID(L21,5,LEN(L21)-4)),IF(MID(L21,5,1)=",",_xlfn.TEXTJOIN(".",FALSE,MID(L21,1,4),MID(L21,6,LEN(L21)-5)),L21)))) -> 14.50747823 | AP21: =IF(MID(M21,2,1)=",",_xlfn.TEXTJOIN(".",FALSE,MID(M21,1,1),MID(M21,3,LEN(M21)-2)),IF(MID(M21,3,1)=",",_xlfn.TEXTJOIN(".",FALSE,MID(M21,1,2),MID(M21,4,LEN(M21)-3)),IF(MID(M21,4,1)=",",_xlfn.TEXTJOIN(".",FALSE,MID(M21,1,3),MID(M21,5,LEN(M21)-4)),IF(MID(M21,5,1)=",",_xlfn.TEXTJOIN(".",FALSE,MID(M21,1,4),MID(M21,6,LEN(M21)-5)),M21)))) -> 279.4011912 | ... BJ21: =IF(MID(AG21,2,1)=",",_xlfn.TEXTJOIN(".",FALSE,MID(AG21,1,1),MID(AG21,3,LEN(AG21)-2)),IF(MID(AG21,3,1)=",",_xlfn.TEXTJOIN(".",FALSE,MID(AG21,1,2),MID(AG21,4,LEN(AG21)-3)),IF(MID(AG21,4,1)=",",_xlfn.TEXTJOIN(".",FALSE,MID(AG21,1,3),MID(AG21,5,LEN(AG21)-4)),IF(MID(AG21,5,1)=",",_xlfn.TEXTJOIN(".",FALSE,MID(AG21,1,4),MID(AG21,6,LEN(AG21)-5)),AG21)))) -> 5.441645846
A22: 21 | B22: HK_UK_3-6 | C22: Gebäude für Gesundheit und Pflege | D22: Medizinisches Versorgungszentrum, Ärztehaus | E22: 21 | F22: 7.0372804 | G22: 18.530376 | H22: 11.493095 | I22: 260.92358 | J22: 2623.7026 | K22: 452.67154 | L22: 13.132554 | M22: 260.92358 | N22: 13.029242 | O22: 329.22111 | P22: 0.6880402 | Q22: 0.9778392 | R22: 0.4018549 | S22: 1.2144221 | T22: 0.97101767 | U22: 1.1035399 | V22: 21.39799 | W22: 24.024121 | X22: 3.6301508 | Y22: 19.990955 | Z22: 26.01809 | AA22: 0.63718593 | AB22: 6.7240201 | AC22: 1.8542714 | AD22: 0.25122783 | AE22: 0.8453229 | AF22: 70.797371 | AG22: 4.0272743 | AI22: =IF(MID(F22,2,1)=",",_xlfn.TEXTJOIN(".",FALSE,MID(F22,1,1),MID(F22,3,LEN(F22)-2)),IF(MID(F22,3,1)=",",_xlfn.TEXTJOIN(".",FALSE,MID(F22,1,2),MID(F22,4,LEN(F22)-3)),IF(MID(F22,4,1)=",",_xlfn.TEXTJOIN(".",FALSE,MID(F22,1,3),MID(F22,5,LEN(F22)-4)),IF(MID(F22,5,1)=",",_xlfn.TEXTJOIN(".",FALSE,MID(F22,1,4),MID(F22,6,LEN(F22)-5)),F22)))) -> 7.037280403 | AJ22: =IF(MID(G22,2,1)=",",_xlfn.TEXTJOIN(".",FALSE,MID(G22,1,1),MID(G22,3,LEN(G22)-2)),IF(MID(G22,3,1)=",",_xlfn.TEXTJOIN(".",FALSE,MID(G22,1,2),MID(G22,4,LEN(G22)-3)),IF(MID(G22,4,1)=",",_xlfn.TEXTJOIN(".",FALSE,MID(G22,1,3),MID(G22,5,LEN(G22)-4)),IF(MID(G22,5,1)=",",_xlfn.TEXTJOIN(".",FALSE,MID(G22,1,4),MID(G22,6,LEN(G22)-5)),G22)))) -> 18.53037567 | AK22: =IF(MID(H22,2,1)=",",_xlfn.TEXTJOIN(".",FALSE,MID(H22,1,1),MID(H22,3,LEN(H22)-2)),IF(MID(H22,3,1)=",",_xlfn.TEXTJOIN(".",FALSE,MID(H22,1,2),MID(H22,4,LEN(H22)-3)),IF(MID(H22,4,1)=",",_xlfn.TEXTJOIN(".",FALSE,MID(H22,1,3),MID(H22,5,LEN(H22)-4)),IF(MID(H22,5,1)=",",_xlfn.TEXTJOIN(".",FALSE,MID(H22,1,4),MID(H22,6,LEN(H22)-5)),H22)))) -> 11.49309527 | AL22: =IF(MID(I22,2,1)=",",_xlfn.TEXTJOIN(".",FALSE,MID(I22,1,1),MID(I22,3,LEN(I22)-2)),IF(MID(I22,3,1)=",",_xlfn.TEXTJOIN(".",FALSE,MID(I22,1,2),MID(I22,4,LEN(I22)-3)),IF(MID(I22,4,1)=",",_xlfn.TEXTJOIN(".",FALSE,MID(I22,1,3),MID(I22,5,LEN(I22)-4)),IF(MID(I22,5,1)=",",_xlfn.TEXTJOIN(".",FALSE,MID(I22,1,4),MID(I22,6,LEN(I22)-5)),I22)))) -> 260.9235795 | AM22: =IF(MID(J22,2,1)=",",_xlfn.TEXTJOIN(".",FALSE,MID(J22,1,1),MID(J22,3,LEN(J22)-2)),IF(MID(J22,3,1)=",",_xlfn.TEXTJOIN(".",FALSE,MID(J22,1,2),MID(J22,4,LEN(J22)-3)),IF(MID(J22,4,1)=",",_xlfn.TEXTJOIN(".",FALSE,MID(J22,1,3),MID(J22,5,LEN(J22)-4)),IF(MID(J22,5,1)=",",_xlfn.TEXTJOIN(".",FALSE,MID(J22,1,4),MID(J22,6,LEN(J22)-5)),J22)))) -> 2623.70257 | AN22: =IF(MID(K22,2,1)=",",_xlfn.TEXTJOIN(".",FALSE,MID(K22,1,1),MID(K22,3,LEN(K22)-2)),IF(MID(K22,3,1)=",",_xlfn.TEXTJOIN(".",FALSE,MID(K22,1,2),MID(K22,4,LEN(K22)-3)),IF(MID(K22,4,1)=",",_xlfn.TEXTJOIN(".",FALSE,MID(K22,1,3),MID(K22,5,LEN(K22)-4)),IF(MID(K22,5,1)=",",_xlfn.TEXTJOIN(".",FALSE,MID(K22,1,4),MID(K22,6,LEN(K22)-5)),K22)))) -> 452.6715396 | AO22: =IF(MID(L22,2,1)=",",_xlfn.TEXTJOIN(".",FALSE,MID(L22,1,1),MID(L22,3,LEN(L22)-2)),IF(MID(L22,3,1)=",",_xlfn.TEXTJOIN(".",FALSE,MID(L22,1,2),MID(L22,4,LEN(L22)-3)),IF(MID(L22,4,1)=",",_xlfn.TEXTJOIN(".",FALSE,MID(L22,1,3),MID(L22,5,LEN(L22)-4)),IF(MID(L22,5,1)=",",_xlfn.TEXTJOIN(".",FALSE,MID(L22,1,4),MID(L22,6,LEN(L22)-5)),L22)))) -> 13.13255407 | AP22: =IF(MID(M22,2,1)=",",_xlfn.TEXTJOIN(".",FALSE,MID(M22,1,1),MID(M22,3,LEN(M22)-2)),IF(MID(M22,3,1)=",",_xlfn.TEXTJOIN(".",FALSE,MID(M22,1,2),MID(M22,4,LEN(M22)-3)),IF(MID(M22,4,1)=",",_xlfn.TEXTJOIN(".",FALSE,MID(M22,1,3),MID(M22,5,LEN(M22)-4)),IF(MID(M22,5,1)=",",_xlfn.TEXTJOIN(".",FALSE,MID(M22,1,4),MID(M22,6,LEN(M22)-5)),M22)))) -> 260.9235795 | ... BJ22: =IF(MID(AG22,2,1)=",",_xlfn.TEXTJOIN(".",FALSE,MID(AG22,1,1),MID(AG22,3,LEN(AG22)-2)),IF(MID(AG22,3,1)=",",_xlfn.TEXTJOIN(".",FALSE,MID(AG22,1,2),MID(AG22,4,LEN(AG22)-3)),IF(MID(AG22,4,1)=",",_xlfn.TEXTJOIN(".",FALSE,MID(AG22,1,3),MID(AG22,5,LEN(AG22)-4)),IF(MID(AG22,5,1)=",",_xlfn.TEXTJOIN(".",FALSE,MID(AG22,1,4),MID(AG22,6,LEN(AG22)-5)),AG22)))) -> 4.027274337
A23: 22 | B23: HK_UK_3-7 | C23: Gebäude für Gesundheit und Pflege | D23: Arztpraxis | E23: 22 | F23: 7.0372804 | G23: 18.530376 | H23: 11.493095 | I23: 260.92358 | J23: 2623.7026 | K23: 452.67154 | L23: 13.132554 | M23: 260.92358 | N23: 13.029242 | O23: 329.22111 | P23: 0.6880402 | Q23: 0.9778392 | R23: 0.4018549 | S23: 1.2144221 | T23: 0.97101767 | U23: 1.1035399 | V23: 21.39799 | W23: 24.024121 | X23: 3.6301508 | Y23: 19.990955 | Z23: 26.01809 | AA23: 0.63718593 | AB23: 6.7240201 | AC23: 1.8542714 | AD23: 0.25122783 | AE23: 0.8453229 | AF23: 70.797371 | AG23: 4.0272743 | AI23: =IF(MID(F23,2,1)=",",_xlfn.TEXTJOIN(".",FALSE,MID(F23,1,1),MID(F23,3,LEN(F23)-2)),IF(MID(F23,3,1)=",",_xlfn.TEXTJOIN(".",FALSE,MID(F23,1,2),MID(F23,4,LEN(F23)-3)),IF(MID(F23,4,1)=",",_xlfn.TEXTJOIN(".",FALSE,MID(F23,1,3),MID(F23,5,LEN(F23)-4)),IF(MID(F23,5,1)=",",_xlfn.TEXTJOIN(".",FALSE,MID(F23,1,4),MID(F23,6,LEN(F23)-5)),F23)))) -> 7.037280403 | AJ23: =IF(MID(G23,2,1)=",",_xlfn.TEXTJOIN(".",FALSE,MID(G23,1,1),MID(G23,3,LEN(G23)-2)),IF(MID(G23,3,1)=",",_xlfn.TEXTJOIN(".",FALSE,MID(G23,1,2),MID(G23,4,LEN(G23)-3)),IF(MID(G23,4,1)=",",_xlfn.TEXTJOIN(".",FALSE,MID(G23,1,3),MID(G23,5,LEN(G23)-4)),IF(MID(G23,5,1)=",",_xlfn.TEXTJOIN(".",FALSE,MID(G23,1,4),MID(G23,6,LEN(G23)-5)),G23)))) -> 18.53037567 | AK23: =IF(MID(H23,2,1)=",",_xlfn.TEXTJOIN(".",FALSE,MID(H23,1,1),MID(H23,3,LEN(H23)-2)),IF(MID(H23,3,1)=",",_xlfn.TEXTJOIN(".",FALSE,MID(H23,1,2),MID(H23,4,LEN(H23)-3)),IF(MID(H23,4,1)=",",_xlfn.TEXTJOIN(".",FALSE,MID(H23,1,3),MID(H23,5,LEN(H23)-4)),IF(MID(H23,5,1)=",",_xlfn.TEXTJOIN(".",FALSE,MID(H23,1,4),MID(H23,6,LEN(H23)-5)),H23)))) -> 11.49309527 | AL23: =IF(MID(I23,2,1)=",",_xlfn.TEXTJOIN(".",FALSE,MID(I23,1,1),MID(I23,3,LEN(I23)-2)),IF(MID(I23,3,1)=",",_xlfn.TEXTJOIN(".",FALSE,MID(I23,1,2),MID(I23,4,LEN(I23)-3)),IF(MID(I23,4,1)=",",_xlfn.TEXTJOIN(".",FALSE,MID(I23,1,3),MID(I23,5,LEN(I23)-4)),IF(MID(I23,5,1)=",",_xlfn.TEXTJOIN(".",FALSE,MID(I23,1,4),MID(I23,6,LEN(I23)-5)),I23)))) -> 260.9235795 | AM23: =IF(MID(J23,2,1)=",",_xlfn.TEXTJOIN(".",FALSE,MID(J23,1,1),MID(J23,3,LEN(J23)-2)),IF(MID(J23,3,1)=",",_xlfn.TEXTJOIN(".",FALSE,MID(J23,1,2),MID(J23,4,LEN(J23)-3)),IF(MID(J23,4,1)=",",_xlfn.TEXTJOIN(".",FALSE,MID(J23,1,3),MID(J23,5,LEN(J23)-4)),IF(MID(J23,5,1)=",",_xlfn.TEXTJOIN(".",FALSE,MID(J23,1,4),MID(J23,6,LEN(J23)-5)),J23)))) -> 2623.70257 | AN23: =IF(MID(K23,2,1)=",",_xlfn.TEXTJOIN(".",FALSE,MID(K23,1,1),MID(K23,3,LEN(K23)-2)),IF(MID(K23,3,1)=",",_xlfn.TEXTJOIN(".",FALSE,MID(K23,1,2),MID(K23,4,LEN(K23)-3)),IF(MID(K23,4,1)=",",_xlfn.TEXTJOIN(".",FALSE,MID(K23,1,3),MID(K23,5,LEN(K23)-4)),IF(MID(K23,5,1)=",",_xlfn.TEXTJOIN(".",FALSE,MID(K23,1,4),MID(K23,6,LEN(K23)-5)),K23)))) -> 452.6715396 | AO23: =IF(MID(L23,2,1)=",",_xlfn.TEXTJOIN(".",FALSE,MID(L23,1,1),MID(L23,3,LEN(L23)-2)),IF(MID(L23,3,1)=",",_xlfn.TEXTJOIN(".",FALSE,MID(L23,1,2),MID(L23,4,LEN(L23)-3)),IF(MID(L23,4,1)=",",_xlfn.TEXTJOIN(".",FALSE,MID(L23,1,3),MID(L23,5,LEN(L23)-4)),IF(MID(L23,5,1)=",",_xlfn.TEXTJOIN(".",FALSE,MID(L23,1,4),MID(L23,6,LEN(L23)-5)),L23)))) -> 13.13255407 | AP23: =IF(MID(M23,2,1)=",",_xlfn.TEXTJOIN(".",FALSE,MID(M23,1,1),MID(M23,3,LEN(M23)-2)),IF(MID(M23,3,1)=",",_xlfn.TEXTJOIN(".",FALSE,MID(M23,1,2),MID(M23,4,LEN(M23)-3)),IF(MID(M23,4,1)=",",_xlfn.TEXTJOIN(".",FALSE,MID(M23,1,3),MID(M23,5,LEN(M23)-4)),IF(MID(M23,5,1)=",",_xlfn.TEXTJOIN(".",FALSE,MID(M23,1,4),MID(M23,6,LEN(M23)-5)),M23)))) -> 260.9235795 | ... BJ23: =IF(MID(AG23,2,1)=",",_xlfn.TEXTJOIN(".",FALSE,MID(AG23,1,1),MID(AG23,3,LEN(AG23)-2)),IF(MID(AG23,3,1)=",",_xlfn.TEXTJOIN(".",FALSE,MID(AG23,1,2),MID(AG23,4,LEN(AG23)-3)),IF(MID(AG23,4,1)=",",_xlfn.TEXTJOIN(".",FALSE,MID(AG23,1,3),MID(AG23,5,LEN(AG23)-4)),IF(MID(AG23,5,1)=",",_xlfn.TEXTJOIN(".",FALSE,MID(AG23,1,4),MID(AG23,6,LEN(AG23)-5)),AG23)))) -> 4.027274337
A24: 23 | B24: HK_UK_3-8 | C24: Gebäude für Gesundheit und Pflege | D24: Notfallpraxis | E24: 23 | F24: 7.0372804 | G24: 18.530376 | H24: 11.493095 | I24: 260.92358 | J24: 2623.7026 | K24: 452.67154 | L24: 13.132554 | M24: 260.92358 | N24: 13.029242 | O24: 329.22111 | P24: 0.6880402 | Q24: 0.9778392 | R24: 0.4018549 | S24: 1.2144221 | T24: 0.97101767 | U24: 1.1035399 | V24: 21.39799 | W24: 24.024121 | X24: 3.6301508 | Y24: 19.990955 | Z24: 26.01809 | AA24: 0.63718593 | AB24: 6.7240201 | AC24: 1.8542714 | AD24: 0.25122783 | AE24: 0.8453229 | AF24: 70.797371 | AG24: 4.0272743 | AI24: =IF(MID(F24,2,1)=",",_xlfn.TEXTJOIN(".",FALSE,MID(F24,1,1),MID(F24,3,LEN(F24)-2)),IF(MID(F24,3,1)=",",_xlfn.TEXTJOIN(".",FALSE,MID(F24,1,2),MID(F24,4,LEN(F24)-3)),IF(MID(F24,4,1)=",",_xlfn.TEXTJOIN(".",FALSE,MID(F24,1,3),MID(F24,5,LEN(F24)-4)),IF(MID(F24,5,1)=",",_xlfn.TEXTJOIN(".",FALSE,MID(F24,1,4),MID(F24,6,LEN(F24)-5)),F24)))) -> 7.037280403 | AJ24: =IF(MID(G24,2,1)=",",_xlfn.TEXTJOIN(".",FALSE,MID(G24,1,1),MID(G24,3,LEN(G24)-2)),IF(MID(G24,3,1)=",",_xlfn.TEXTJOIN(".",FALSE,MID(G24,1,2),MID(G24,4,LEN(G24)-3)),IF(MID(G24,4,1)=",",_xlfn.TEXTJOIN(".",FALSE,MID(G24,1,3),MID(G24,5,LEN(G24)-4)),IF(MID(G24,5,1)=",",_xlfn.TEXTJOIN(".",FALSE,MID(G24,1,4),MID(G24,6,LEN(G24)-5)),G24)))) -> 18.53037567 | AK24: =IF(MID(H24,2,1)=",",_xlfn.TEXTJOIN(".",FALSE,MID(H24,1,1),MID(H24,3,LEN(H24)-2)),IF(MID(H24,3,1)=",",_xlfn.TEXTJOIN(".",FALSE,MID(H24,1,2),MID(H24,4,LEN(H24)-3)),IF(MID(H24,4,1)=",",_xlfn.TEXTJOIN(".",FALSE,MID(H24,1,3),MID(H24,5,LEN(H24)-4)),IF(MID(H24,5,1)=",",_xlfn.TEXTJOIN(".",FALSE,MID(H24,1,4),MID(H24,6,LEN(H24)-5)),H24)))) -> 11.49309527 | AL24: =IF(MID(I24,2,1)=",",_xlfn.TEXTJOIN(".",FALSE,MID(I24,1,1),MID(I24,3,LEN(I24)-2)),IF(MID(I24,3,1)=",",_xlfn.TEXTJOIN(".",FALSE,MID(I24,1,2),MID(I24,4,LEN(I24)-3)),IF(MID(I24,4,1)=",",_xlfn.TEXTJOIN(".",FALSE,MID(I24,1,3),MID(I24,5,LEN(I24)-4)),IF(MID(I24,5,1)=",",_xlfn.TEXTJOIN(".",FALSE,MID(I24,1,4),MID(I24,6,LEN(I24)-5)),I24)))) -> 260.9235795 | AM24: =IF(MID(J24,2,1)=",",_xlfn.TEXTJOIN(".",FALSE,MID(J24,1,1),MID(J24,3,LEN(J24)-2)),IF(MID(J24,3,1)=",",_xlfn.TEXTJOIN(".",FALSE,MID(J24,1,2),MID(J24,4,LEN(J24)-3)),IF(MID(J24,4,1)=",",_xlfn.TEXTJOIN(".",FALSE,MID(J24,1,3),MID(J24,5,LEN(J24)-4)),IF(MID(J24,5,1)=",",_xlfn.TEXTJOIN(".",FALSE,MID(J24,1,4),MID(J24,6,LEN(J24)-5)),J24)))) -> 2623.70257 | AN24: =IF(MID(K24,2,1)=",",_xlfn.TEXTJOIN(".",FALSE,MID(K24,1,1),MID(K24,3,LEN(K24)-2)),IF(MID(K24,3,1)=",",_xlfn.TEXTJOIN(".",FALSE,MID(K24,1,2),MID(K24,4,LEN(K24)-3)),IF(MID(K24,4,1)=",",_xlfn.TEXTJOIN(".",FALSE,MID(K24,1,3),MID(K24,5,LEN(K24)-4)),IF(MID(K24,5,1)=",",_xlfn.TEXTJOIN(".",FALSE,MID(K24,1,4),MID(K24,6,LEN(K24)-5)),K24)))) -> 452.6715396 | AO24: =IF(MID(L24,2,1)=",",_xlfn.TEXTJOIN(".",FALSE,MID(L24,1,1),MID(L24,3,LEN(L24)-2)),IF(MID(L24,3,1)=",",_xlfn.TEXTJOIN(".",FALSE,MID(L24,1,2),MID(L24,4,LEN(L24)-3)),IF(MID(L24,4,1)=",",_xlfn.TEXTJOIN(".",FALSE,MID(L24,1,3),MID(L24,5,LEN(L24)-4)),IF(MID(L24,5,1)=",",_xlfn.TEXTJOIN(".",FALSE,MID(L24,1,4),MID(L24,6,LEN(L24)-5)),L24)))) -> 13.13255407 | AP24: =IF(MID(M24,2,1)=",",_xlfn.TEXTJOIN(".",FALSE,MID(M24,1,1),MID(M24,3,LEN(M24)-2)),IF(MID(M24,3,1)=",",_xlfn.TEXTJOIN(".",FALSE,MID(M24,1,2),MID(M24,4,LEN(M24)-3)),IF(MID(M24,4,1)=",",_xlfn.TEXTJOIN(".",FALSE,MID(M24,1,3),MID(M24,5,LEN(M24)-4)),IF(MID(M24,5,1)=",",_xlfn.TEXTJOIN(".",FALSE,MID(M24,1,4),MID(M24,6,LEN(M24)-5)),M24)))) -> 260.9235795 | ... BJ24: =IF(MID(AG24,2,1)=",",_xlfn.TEXTJOIN(".",FALSE,MID(AG24,1,1),MID(AG24,3,LEN(AG24)-2)),IF(MID(AG24,3,1)=",",_xlfn.TEXTJOIN(".",FALSE,MID(AG24,1,2),MID(AG24,4,LEN(AG24)-3)),IF(MID(AG24,4,1)=",",_xlfn.TEXTJOIN(".",FALSE,MID(AG24,1,3),MID(AG24,5,LEN(AG24)-4)),IF(MID(AG24,5,1)=",",_xlfn.TEXTJOIN(".",FALSE,MID(AG24,1,4),MID(AG24,6,LEN(AG24)-5)),AG24)))) -> 4.027274337
A25: 24 | B25: HK_UK_3-9 | C25: Gebäude für Gesundheit und Pflege | D25: Altenheim/Altenpflegeheim (ohne eigene Haushaltsführung der Bewohner/innen) | E25: 24 | F25: 5.4329696 | G25: 19.73586 | H25: 14.302891 | I25: 283.50267 | J25: 3020.981 | K25: 1316.4789 | L25: 14.47864 | M25: 283.50267 | N25: 14.408422 | O25: 296.30451 | P25: 0.68183507 | Q25: 0.97702451 | R25: 0.39980441 | S25: 1.2264505 | T25: 0.88425661 | U25: 1.0858471 | V25: 21.351717 | W25: 24.021922 | X25: 3.3575242 | Y25: 19.993267 | Z25: 26.016442 | AA25: 0.52916098 | AB25: 6.2490171 | AC25: 1.765698 | AD25: 0.19114164 | AE25: 0.85543849 | AF25: 70.690703 | AG25: 4.0159392 | AI25: =IF(MID(F25,2,1)=",",_xlfn.TEXTJOIN(".",FALSE,MID(F25,1,1),MID(F25,3,LEN(F25)-2)),IF(MID(F25,3,1)=",",_xlfn.TEXTJOIN(".",FALSE,MID(F25,1,2),MID(F25,4,LEN(F25)-3)),IF(MID(F25,4,1)=",",_xlfn.TEXTJOIN(".",FALSE,MID(F25,1,3),MID(F25,5,LEN(F25)-4)),IF(MID(F25,5,1)=",",_xlfn.TEXTJOIN(".",FALSE,MID(F25,1,4),MID(F25,6,LEN(F25)-5)),F25)))) -> 5.43296958 | AJ25: =IF(MID(G25,2,1)=",",_xlfn.TEXTJOIN(".",FALSE,MID(G25,1,1),MID(G25,3,LEN(G25)-2)),IF(MID(G25,3,1)=",",_xlfn.TEXTJOIN(".",FALSE,MID(G25,1,2),MID(G25,4,LEN(G25)-3)),IF(MID(G25,4,1)=",",_xlfn.TEXTJOIN(".",FALSE,MID(G25,1,3),MID(G25,5,LEN(G25)-4)),IF(MID(G25,5,1)=",",_xlfn.TEXTJOIN(".",FALSE,MID(G25,1,4),MID(G25,6,LEN(G25)-5)),G25)))) -> 19.73586009 | AK25: =IF(MID(H25,2,1)=",",_xlfn.TEXTJOIN(".",FALSE,MID(H25,1,1),MID(H25,3,LEN(H25)-2)),IF(MID(H25,3,1)=",",_xlfn.TEXTJOIN(".",FALSE,MID(H25,1,2),MID(H25,4,LEN(H25)-3)),IF(MID(H25,4,1)=",",_xlfn.TEXTJOIN(".",FALSE,MID(H25,1,3),MID(H25,5,LEN(H25)-4)),IF(MID(H25,5,1)=",",_xlfn.TEXTJOIN(".",FALSE,MID(H25,1,4),MID(H25,6,LEN(H25)-5)),H25)))) -> 14.30289051 | AL25: =IF(MID(I25,2,1)=",",_xlfn.TEXTJOIN(".",FALSE,MID(I25,1,1),MID(I25,3,LEN(I25)-2)),IF(MID(I25,3,1)=",",_xlfn.TEXTJOIN(".",FALSE,MID(I25,1,2),MID(I25,4,LEN(I25)-3)),IF(MID(I25,4,1)=",",_xlfn.TEXTJOIN(".",FALSE,MID(I25,1,3),MID(I25,5,LEN(I25)-4)),IF(MID(I25,5,1)=",",_xlfn.TEXTJOIN(".",FALSE,MID(I25,1,4),MID(I25,6,LEN(I25)-5)),I25)))) -> 283.5026657 | AM25: =IF(MID(J25,2,1)=",",_xlfn.TEXTJOIN(".",FALSE,MID(J25,1,1),MID(J25,3,LEN(J25)-2)),IF(MID(J25,3,1)=",",_xlfn.TEXTJOIN(".",FALSE,MID(J25,1,2),MID(J25,4,LEN(J25)-3)),IF(MID(J25,4,1)=",",_xlfn.TEXTJOIN(".",FALSE,MID(J25,1,3),MID(J25,5,LEN(J25)-4)),IF(MID(J25,5,1)=",",_xlfn.TEXTJOIN(".",FALSE,MID(J25,1,4),MID(J25,6,LEN(J25)-5)),J25)))) -> 3020.98105 | AN25: =IF(MID(K25,2,1)=",",_xlfn.TEXTJOIN(".",FALSE,MID(K25,1,1),MID(K25,3,LEN(K25)-2)),IF(MID(K25,3,1)=",",_xlfn.TEXTJOIN(".",FALSE,MID(K25,1,2),MID(K25,4,LEN(K25)-3)),IF(MID(K25,4,1)=",",_xlfn.TEXTJOIN(".",FALSE,MID(K25,1,3),MID(K25,5,LEN(K25)-4)),IF(MID(K25,5,1)=",",_xlfn.TEXTJOIN(".",FALSE,MID(K25,1,4),MID(K25,6,LEN(K25)-5)),K25)))) -> 1316.478915 | AO25: =IF(MID(L25,2,1)=",",_xlfn.TEXTJOIN(".",FALSE,MID(L25,1,1),MID(L25,3,LEN(L25)-2)),IF(MID(L25,3,1)=",",_xlfn.TEXTJOIN(".",FALSE,MID(L25,1,2),MID(L25,4,LEN(L25)-3)),IF(MID(L25,4,1)=",",_xlfn.TEXTJOIN(".",FALSE,MID(L25,1,3),MID(L25,5,LEN(L25)-4)),IF(MID(L25,5,1)=",",_xlfn.TEXTJOIN(".",FALSE,MID(L25,1,4),MID(L25,6,LEN(L25)-5)),L25)))) -> 14.47864032 | AP25: =IF(MID(M25,2,1)=",",_xlfn.TEXTJOIN(".",FALSE,MID(M25,1,1),MID(M25,3,LEN(M25)-2)),IF(MID(M25,3,1)=",",_xlfn.TEXTJOIN(".",FALSE,MID(M25,1,2),MID(M25,4,LEN(M25)-3)),IF(MID(M25,4,1)=",",_xlfn.TEXTJOIN(".",FALSE,MID(M25,1,3),MID(M25,5,LEN(M25)-4)),IF(MID(M25,5,1)=",",_xlfn.TEXTJOIN(".",FALSE,MID(M25,1,4),MID(M25,6,LEN(M25)-5)),M25)))) -> 283.5026657 | ... BJ25: =IF(MID(AG25,2,1)=",",_xlfn.TEXTJOIN(".",FALSE,MID(AG25,1,1),MID(AG25,3,LEN(AG25)-2)),IF(MID(AG25,3,1)=",",_xlfn.TEXTJOIN(".",FALSE,MID(AG25,1,2),MID(AG25,4,LEN(AG25)-3)),IF(MID(AG25,4,1)=",",_xlfn.TEXTJOIN(".",FALSE,MID(AG25,1,3),MID(AG25,5,LEN(AG25)-4)),IF(MID(AG25,5,1)=",",_xlfn.TEXTJOIN(".",FALSE,MID(AG25,1,4),MID(AG25,6,LEN(AG25)-5)),AG25)))) -> 4.015939192
A26: 25 | B26: HK_UK_3-10 | C26: Gebäude für Gesundheit und Pflege | D26: Pflegeheim für Behinderte (ohne eigene Haushaltsführung der Bewohner/innen) | E26: 25 | F26: 5.4329696 | G26: 19.73586 | H26: 14.302891 | I26: 283.50267 | J26: 3020.981 | K26: 1316.4789 | L26: 14.47864 | M26: 283.50267 | N26: 14.408422 | O26: 296.30451 | P26: 0.68183507 | Q26: 0.97702451 | R26: 0.39980441 | S26: 1.2264505 | T26: 0.88425661 | U26: 1.0858471 | V26: 21.351717 | W26: 24.021922 | X26: 3.3575242 | Y26: 19.993267 | Z26: 26.016442 | AA26: 0.52916098 | AB26: 6.2490171 | AC26: 1.765698 | AD26: 0.19114164 | AE26: 0.85543849 | AF26: 70.690703 | AG26: 4.0159392 | AI26: =IF(MID(F26,2,1)=",",_xlfn.TEXTJOIN(".",FALSE,MID(F26,1,1),MID(F26,3,LEN(F26)-2)),IF(MID(F26,3,1)=",",_xlfn.TEXTJOIN(".",FALSE,MID(F26,1,2),MID(F26,4,LEN(F26)-3)),IF(MID(F26,4,1)=",",_xlfn.TEXTJOIN(".",FALSE,MID(F26,1,3),MID(F26,5,LEN(F26)-4)),IF(MID(F26,5,1)=",",_xlfn.TEXTJOIN(".",FALSE,MID(F26,1,4),MID(F26,6,LEN(F26)-5)),F26)))) -> 5.43296958 | AJ26: =IF(MID(G26,2,1)=",",_xlfn.TEXTJOIN(".",FALSE,MID(G26,1,1),MID(G26,3,LEN(G26)-2)),IF(MID(G26,3,1)=",",_xlfn.TEXTJOIN(".",FALSE,MID(G26,1,2),MID(G26,4,LEN(G26)-3)),IF(MID(G26,4,1)=",",_xlfn.TEXTJOIN(".",FALSE,MID(G26,1,3),MID(G26,5,LEN(G26)-4)),IF(MID(G26,5,1)=",",_xlfn.TEXTJOIN(".",FALSE,MID(G26,1,4),MID(G26,6,LEN(G26)-5)),G26)))) -> 19.73586009 | AK26: =IF(MID(H26,2,1)=",",_xlfn.TEXTJOIN(".",FALSE,MID(H26,1,1),MID(H26,3,LEN(H26)-2)),IF(MID(H26,3,1)=",",_xlfn.TEXTJOIN(".",FALSE,MID(H26,1,2),MID(H26,4,LEN(H26)-3)),IF(MID(H26,4,1)=",",_xlfn.TEXTJOIN(".",FALSE,MID(H26,1,3),MID(H26,5,LEN(H26)-4)),IF(MID(H26,5,1)=",",_xlfn.TEXTJOIN(".",FALSE,MID(H26,1,4),MID(H26,6,LEN(H26)-5)),H26)))) -> 14.30289051 | AL26: =IF(MID(I26,2,1)=",",_xlfn.TEXTJOIN(".",FALSE,MID(I26,1,1),MID(I26,3,LEN(I26)-2)),IF(MID(I26,3,1)=",",_xlfn.TEXTJOIN(".",FALSE,MID(I26,1,2),MID(I26,4,LEN(I26)-3)),IF(MID(I26,4,1)=",",_xlfn.TEXTJOIN(".",FALSE,MID(I26,1,3),MID(I26,5,LEN(I26)-4)),IF(MID(I26,5,1)=",",_xlfn.TEXTJOIN(".",FALSE,MID(I26,1,4),MID(I26,6,LEN(I26)-5)),I26)))) -> 283.5026657 | AM26: =IF(MID(J26,2,1)=",",_xlfn.TEXTJOIN(".",FALSE,MID(J26,1,1),MID(J26,3,LEN(J26)-2)),IF(MID(J26,3,1)=",",_xlfn.TEXTJOIN(".",FALSE,MID(J26,1,2),MID(J26,4,LEN(J26)-3)),IF(MID(J26,4,1)=",",_xlfn.TEXTJOIN(".",FALSE,MID(J26,1,3),MID(J26,5,LEN(J26)-4)),IF(MID(J26,5,1)=",",_xlfn.TEXTJOIN(".",FALSE,MID(J26,1,4),MID(J26,6,LEN(J26)-5)),J26)))) -> 3020.98105 | AN26: =IF(MID(K26,2,1)=",",_xlfn.TEXTJOIN(".",FALSE,MID(K26,1,1),MID(K26,3,LEN(K26)-2)),IF(MID(K26,3,1)=",",_xlfn.TEXTJOIN(".",FALSE,MID(K26,1,2),MID(K26,4,LEN(K26)-3)),IF(MID(K26,4,1)=",",_xlfn.TEXTJOIN(".",FALSE,MID(K26,1,3),MID(K26,5,LEN(K26)-4)),IF(MID(K26,5,1)=",",_xlfn.TEXTJOIN(".",FALSE,MID(K26,1,4),MID(K26,6,LEN(K26)-5)),K26)))) -> 1316.478915 | AO26: =IF(MID(L26,2,1)=",",_xlfn.TEXTJOIN(".",FALSE,MID(L26,1,1),MID(L26,3,LEN(L26)-2)),IF(MID(L26,3,1)=",",_xlfn.TEXTJOIN(".",FALSE,MID(L26,1,2),MID(L26,4,LEN(L26)-3)),IF(MID(L26,4,1)=",",_xlfn.TEXTJOIN(".",FALSE,MID(L26,1,3),MID(L26,5,LEN(L26)-4)),IF(MID(L26,5,1)=",",_xlfn.TEXTJOIN(".",FALSE,MID(L26,1,4),MID(L26,6,LEN(L26)-5)),L26)))) -> 14.47864032 | AP26: =IF(MID(M26,2,1)=",",_xlfn.TEXTJOIN(".",FALSE,MID(M26,1,1),MID(M26,3,LEN(M26)-2)),IF(MID(M26,3,1)=",",_xlfn.TEXTJOIN(".",FALSE,MID(M26,1,2),MID(M26,4,LEN(M26)-3)),IF(MID(M26,4,1)=",",_xlfn.TEXTJOIN(".",FALSE,MID(M26,1,3),MID(M26,5,LEN(M26)-4)),IF(MID(M26,5,1)=",",_xlfn.TEXTJOIN(".",FALSE,MID(M26,1,4),MID(M26,6,LEN(M26)-5)),M26)))) -> 283.5026657 | ... BJ26: =IF(MID(AG26,2,1)=",",_xlfn.TEXTJOIN(".",FALSE,MID(AG26,1,1),MID(AG26,3,LEN(AG26)-2)),IF(MID(AG26,3,1)=",",_xlfn.TEXTJOIN(".",FALSE,MID(AG26,1,2),MID(AG26,4,LEN(AG26)-3)),IF(MID(AG26,4,1)=",",_xlfn.TEXTJOIN(".",FALSE,MID(AG26,1,3),MID(AG26,5,LEN(AG26)-4)),IF(MID(AG26,5,1)=",",_xlfn.TEXTJOIN(".",FALSE,MID(AG26,1,4),MID(AG26,6,LEN(AG26)-5)),AG26)))) -> 4.015939192
A27: 26 | B27: HK_UK_3-11 | C27: Gebäude für Gesundheit und Pflege | D27: Psychiatrische Pflegeheim (ohne eigene Haushaltsführung der Bewohner/innen) | E27: 26 | F27: 5.4329696 | G27: 19.73586 | H27: 14.302891 | I27: 283.50267 | J27: 3020.981 | K27: 1316.4789 | L27: 14.47864 | M27: 283.50267 | N27: 14.408422 | O27: 296.30451 | P27: 0.68183507 | Q27: 0.97702451 | R27: 0.39980441 | S27: 1.2264505 | T27: 0.88425661 | U27: 1.0858471 | V27: 21.351717 | W27: 24.021922 | X27: 3.3575242 | Y27: 19.993267 | Z27: 26.016442 | AA27: 0.52916098 | AB27: 6.2490171 | AC27: 1.765698 | AD27: 0.19114164 | AE27: 0.85543849 | AF27: 70.690703 | AG27: 4.0159392 | AI27: =IF(MID(F27,2,1)=",",_xlfn.TEXTJOIN(".",FALSE,MID(F27,1,1),MID(F27,3,LEN(F27)-2)),IF(MID(F27,3,1)=",",_xlfn.TEXTJOIN(".",FALSE,MID(F27,1,2),MID(F27,4,LEN(F27)-3)),IF(MID(F27,4,1)=",",_xlfn.TEXTJOIN(".",FALSE,MID(F27,1,3),MID(F27,5,LEN(F27)-4)),IF(MID(F27,5,1)=",",_xlfn.TEXTJOIN(".",FALSE,MID(F27,1,4),MID(F27,6,LEN(F27)-5)),F27)))) -> 5.43296958 | AJ27: =IF(MID(G27,2,1)=",",_xlfn.TEXTJOIN(".",FALSE,MID(G27,1,1),MID(G27,3,LEN(G27)-2)),IF(MID(G27,3,1)=",",_xlfn.TEXTJOIN(".",FALSE,MID(G27,1,2),MID(G27,4,LEN(G27)-3)),IF(MID(G27,4,1)=",",_xlfn.TEXTJOIN(".",FALSE,MID(G27,1,3),MID(G27,5,LEN(G27)-4)),IF(MID(G27,5,1)=",",_xlfn.TEXTJOIN(".",FALSE,MID(G27,1,4),MID(G27,6,LEN(G27)-5)),G27)))) -> 19.73586009 | AK27: =IF(MID(H27,2,1)=",",_xlfn.TEXTJOIN(".",FALSE,MID(H27,1,1),MID(H27,3,LEN(H27)-2)),IF(MID(H27,3,1)=",",_xlfn.TEXTJOIN(".",FALSE,MID(H27,1,2),MID(H27,4,LEN(H27)-3)),IF(MID(H27,4,1)=",",_xlfn.TEXTJOIN(".",FALSE,MID(H27,1,3),MID(H27,5,LEN(H27)-4)),IF(MID(H27,5,1)=",",_xlfn.TEXTJOIN(".",FALSE,MID(H27,1,4),MID(H27,6,LEN(H27)-5)),H27)))) -> 14.30289051 | AL27: =IF(MID(I27,2,1)=",",_xlfn.TEXTJOIN(".",FALSE,MID(I27,1,1),MID(I27,3,LEN(I27)-2)),IF(MID(I27,3,1)=",",_xlfn.TEXTJOIN(".",FALSE,MID(I27,1,2),MID(I27,4,LEN(I27)-3)),IF(MID(I27,4,1)=",",_xlfn.TEXTJOIN(".",FALSE,MID(I27,1,3),MID(I27,5,LEN(I27)-4)),IF(MID(I27,5,1)=",",_xlfn.TEXTJOIN(".",FALSE,MID(I27,1,4),MID(I27,6,LEN(I27)-5)),I27)))) -> 283.5026657 | AM27: =IF(MID(J27,2,1)=",",_xlfn.TEXTJOIN(".",FALSE,MID(J27,1,1),MID(J27,3,LEN(J27)-2)),IF(MID(J27,3,1)=",",_xlfn.TEXTJOIN(".",FALSE,MID(J27,1,2),MID(J27,4,LEN(J27)-3)),IF(MID(J27,4,1)=",",_xlfn.TEXTJOIN(".",FALSE,MID(J27,1,3),MID(J27,5,LEN(J27)-4)),IF(MID(J27,5,1)=",",_xlfn.TEXTJOIN(".",FALSE,MID(J27,1,4),MID(J27,6,LEN(J27)-5)),J27)))) -> 3020.98105 | AN27: =IF(MID(K27,2,1)=",",_xlfn.TEXTJOIN(".",FALSE,MID(K27,1,1),MID(K27,3,LEN(K27)-2)),IF(MID(K27,3,1)=",",_xlfn.TEXTJOIN(".",FALSE,MID(K27,1,2),MID(K27,4,LEN(K27)-3)),IF(MID(K27,4,1)=",",_xlfn.TEXTJOIN(".",FALSE,MID(K27,1,3),MID(K27,5,LEN(K27)-4)),IF(MID(K27,5,1)=",",_xlfn.TEXTJOIN(".",FALSE,MID(K27,1,4),MID(K27,6,LEN(K27)-5)),K27)))) -> 1316.478915 | AO27: =IF(MID(L27,2,1)=",",_xlfn.TEXTJOIN(".",FALSE,MID(L27,1,1),MID(L27,3,LEN(L27)-2)),IF(MID(L27,3,1)=",",_xlfn.TEXTJOIN(".",FALSE,MID(L27,1,2),MID(L27,4,LEN(L27)-3)),IF(MID(L27,4,1)=",",_xlfn.TEXTJOIN(".",FALSE,MID(L27,1,3),MID(L27,5,LEN(L27)-4)),IF(MID(L27,5,1)=",",_xlfn.TEXTJOIN(".",FALSE,MID(L27,1,4),MID(L27,6,LEN(L27)-5)),L27)))) -> 14.47864032 | AP27: =IF(MID(M27,2,1)=",",_xlfn.TEXTJOIN(".",FALSE,MID(M27,1,1),MID(M27,3,LEN(M27)-2)),IF(MID(M27,3,1)=",",_xlfn.TEXTJOIN(".",FALSE,MID(M27,1,2),MID(M27,4,LEN(M27)-3)),IF(MID(M27,4,1)=",",_xlfn.TEXTJOIN(".",FALSE,MID(M27,1,3),MID(M27,5,LEN(M27)-4)),IF(MID(M27,5,1)=",",_xlfn.TEXTJOIN(".",FALSE,MID(M27,1,4),MID(M27,6,LEN(M27)-5)),M27)))) -> 283.5026657 | ... BJ27: =IF(MID(AG27,2,1)=",",_xlfn.TEXTJOIN(".",FALSE,MID(AG27,1,1),MID(AG27,3,LEN(AG27)-2)),IF(MID(AG27,3,1)=",",_xlfn.TEXTJOIN(".",FALSE,MID(AG27,1,2),MID(AG27,4,LEN(AG27)-3)),IF(MID(AG27,4,1)=",",_xlfn.TEXTJOIN(".",FALSE,MID(AG27,1,3),MID(AG27,5,LEN(AG27)-4)),IF(MID(AG27,5,1)=",",_xlfn.TEXTJOIN(".",FALSE,MID(AG27,1,4),MID(AG27,6,LEN(AG27)-5)),AG27)))) -> 4.015939192
A28: 27 | B28: HK_UK_3-12 | C28: Gebäude für Gesundheit und Pflege | D28: Tagespflegeeinrichtung | E28: 27 | F28: 5.4329696 | G28: 19.73586 | H28: 14.302891 | I28: 283.50267 | J28: 3020.981 | K28: 1316.4789 | L28: 14.47864 | M28: 283.50267 | N28: 14.408422 | O28: 296.30451 | P28: 0.68183507 | Q28: 0.97702451 | R28: 0.39980441 | S28: 1.2264505 | T28: 0.88425661 | U28: 1.0858471 | V28: 21.351717 | W28: 24.021922 | X28: 3.3575242 | Y28: 19.993267 | Z28: 26.016442 | AA28: 0.52916098 | AB28: 6.2490171 | AC28: 1.765698 | AD28: 0.19114164 | AE28: 0.85543849 | AF28: 70.690703 | AG28: 4.0159392 | AI28: =IF(MID(F28,2,1)=",",_xlfn.TEXTJOIN(".",FALSE,MID(F28,1,1),MID(F28,3,LEN(F28)-2)),IF(MID(F28,3,1)=",",_xlfn.TEXTJOIN(".",FALSE,MID(F28,1,2),MID(F28,4,LEN(F28)-3)),IF(MID(F28,4,1)=",",_xlfn.TEXTJOIN(".",FALSE,MID(F28,1,3),MID(F28,5,LEN(F28)-4)),IF(MID(F28,5,1)=",",_xlfn.TEXTJOIN(".",FALSE,MID(F28,1,4),MID(F28,6,LEN(F28)-5)),F28)))) -> 5.43296958 | AJ28: =IF(MID(G28,2,1)=",",_xlfn.TEXTJOIN(".",FALSE,MID(G28,1,1),MID(G28,3,LEN(G28)-2)),IF(MID(G28,3,1)=",",_xlfn.TEXTJOIN(".",FALSE,MID(G28,1,2),MID(G28,4,LEN(G28)-3)),IF(MID(G28,4,1)=",",_xlfn.TEXTJOIN(".",FALSE,MID(G28,1,3),MID(G28,5,LEN(G28)-4)),IF(MID(G28,5,1)=",",_xlfn.TEXTJOIN(".",FALSE,MID(G28,1,4),MID(G28,6,LEN(G28)-5)),G28)))) -> 19.73586009 | AK28: =IF(MID(H28,2,1)=",",_xlfn.TEXTJOIN(".",FALSE,MID(H28,1,1),MID(H28,3,LEN(H28)-2)),IF(MID(H28,3,1)=",",_xlfn.TEXTJOIN(".",FALSE,MID(H28,1,2),MID(H28,4,LEN(H28)-3)),IF(MID(H28,4,1)=",",_xlfn.TEXTJOIN(".",FALSE,MID(H28,1,3),MID(H28,5,LEN(H28)-4)),IF(MID(H28,5,1)=",",_xlfn.TEXTJOIN(".",FALSE,MID(H28,1,4),MID(H28,6,LEN(H28)-5)),H28)))) -> 14.30289051 | AL28: =IF(MID(I28,2,1)=",",_xlfn.TEXTJOIN(".",FALSE,MID(I28,1,1),MID(I28,3,LEN(I28)-2)),IF(MID(I28,3,1)=",",_xlfn.TEXTJOIN(".",FALSE,MID(I28,1,2),MID(I28,4,LEN(I28)-3)),IF(MID(I28,4,1)=",",_xlfn.TEXTJOIN(".",FALSE,MID(I28,1,3),MID(I28,5,LEN(I28)-4)),IF(MID(I28,5,1)=",",_xlfn.TEXTJOIN(".",FALSE,MID(I28,1,4),MID(I28,6,LEN(I28)-5)),I28)))) -> 283.5026657 | AM28: =IF(MID(J28,2,1)=",",_xlfn.TEXTJOIN(".",FALSE,MID(J28,1,1),MID(J28,3,LEN(J28)-2)),IF(MID(J28,3,1)=",",_xlfn.TEXTJOIN(".",FALSE,MID(J28,1,2),MID(J28,4,LEN(J28)-3)),IF(MID(J28,4,1)=",",_xlfn.TEXTJOIN(".",FALSE,MID(J28,1,3),MID(J28,5,LEN(J28)-4)),IF(MID(J28,5,1)=",",_xlfn.TEXTJOIN(".",FALSE,MID(J28,1,4),MID(J28,6,LEN(J28)-5)),J28)))) -> 3020.98105 | AN28: =IF(MID(K28,2,1)=",",_xlfn.TEXTJOIN(".",FALSE,MID(K28,1,1),MID(K28,3,LEN(K28)-2)),IF(MID(K28,3,1)=",",_xlfn.TEXTJOIN(".",FALSE,MID(K28,1,2),MID(K28,4,LEN(K28)-3)),IF(MID(K28,4,1)=",",_xlfn.TEXTJOIN(".",FALSE,MID(K28,1,3),MID(K28,5,LEN(K28)-4)),IF(MID(K28,5,1)=",",_xlfn.TEXTJOIN(".",FALSE,MID(K28,1,4),MID(K28,6,LEN(K28)-5)),K28)))) -> 1316.478915 | AO28: =IF(MID(L28,2,1)=",",_xlfn.TEXTJOIN(".",FALSE,MID(L28,1,1),MID(L28,3,LEN(L28)-2)),IF(MID(L28,3,1)=",",_xlfn.TEXTJOIN(".",FALSE,MID(L28,1,2),MID(L28,4,LEN(L28)-3)),IF(MID(L28,4,1)=",",_xlfn.TEXTJOIN(".",FALSE,MID(L28,1,3),MID(L28,5,LEN(L28)-4)),IF(MID(L28,5,1)=",",_xlfn.TEXTJOIN(".",FALSE,MID(L28,1,4),MID(L28,6,LEN(L28)-5)),L28)))) -> 14.47864032 | AP28: =IF(MID(M28,2,1)=",",_xlfn.TEXTJOIN(".",FALSE,MID(M28,1,1),MID(M28,3,LEN(M28)-2)),IF(MID(M28,3,1)=",",_xlfn.TEXTJOIN(".",FALSE,MID(M28,1,2),MID(M28,4,LEN(M28)-3)),IF(MID(M28,4,1)=",",_xlfn.TEXTJOIN(".",FALSE,MID(M28,1,3),MID(M28,5,LEN(M28)-4)),IF(MID(M28,5,1)=",",_xlfn.TEXTJOIN(".",FALSE,MID(M28,1,4),MID(M28,6,LEN(M28)-5)),M28)))) -> 283.5026657 | ... BJ28: =IF(MID(AG28,2,1)=",",_xlfn.TEXTJOIN(".",FALSE,MID(AG28,1,1),MID(AG28,3,LEN(AG28)-2)),IF(MID(AG28,3,1)=",",_xlfn.TEXTJOIN(".",FALSE,MID(AG28,1,2),MID(AG28,4,LEN(AG28)-3)),IF(MID(AG28,4,1)=",",_xlfn.TEXTJOIN(".",FALSE,MID(AG28,1,3),MID(AG28,5,LEN(AG28)-4)),IF(MID(AG28,5,1)=",",_xlfn.TEXTJOIN(".",FALSE,MID(AG28,1,4),MID(AG28,6,LEN(AG28)-5)),AG28)))) -> 4.015939192
A29: 28 | B29: HK_UK_3-13 | C29: Gebäude für Gesundheit und Pflege | D29: Hospiz | E29: 28 | F29: 5.4329696 | G29: 19.73586 | H29: 14.302891 | I29: 283.50267 | J29: 3020.981 | K29: 1316.4789 | L29: 14.47864 | M29: 283.50267 | N29: 14.408422 | O29: 296.30451 | P29: 0.68183507 | Q29: 0.97702451 | R29: 0.39980441 | S29: 1.2264505 | T29: 0.88425661 | U29: 1.0858471 | V29: 21.351717 | W29: 24.021922 | X29: 3.3575242 | Y29: 19.993267 | Z29: 26.016442 | AA29: 0.52916098 | AB29: 6.2490171 | AC29: 1.765698 | AD29: 0.19114164 | AE29: 0.85543849 | AF29: 70.690703 | AG29: 4.0159392 | AI29: =IF(MID(F29,2,1)=",",_xlfn.TEXTJOIN(".",FALSE,MID(F29,1,1),MID(F29,3,LEN(F29)-2)),IF(MID(F29,3,1)=",",_xlfn.TEXTJOIN(".",FALSE,MID(F29,1,2),MID(F29,4,LEN(F29)-3)),IF(MID(F29,4,1)=",",_xlfn.TEXTJOIN(".",FALSE,MID(F29,1,3),MID(F29,5,LEN(F29)-4)),IF(MID(F29,5,1)=",",_xlfn.TEXTJOIN(".",FALSE,MID(F29,1,4),MID(F29,6,LEN(F29)-5)),F29)))) -> 5.43296958 | AJ29: =IF(MID(G29,2,1)=",",_xlfn.TEXTJOIN(".",FALSE,MID(G29,1,1),MID(G29,3,LEN(G29)-2)),IF(MID(G29,3,1)=",",_xlfn.TEXTJOIN(".",FALSE,MID(G29,1,2),MID(G29,4,LEN(G29)-3)),IF(MID(G29,4,1)=",",_xlfn.TEXTJOIN(".",FALSE,MID(G29,1,3),MID(G29,5,LEN(G29)-4)),IF(MID(G29,5,1)=",",_xlfn.TEXTJOIN(".",FALSE,MID(G29,1,4),MID(G29,6,LEN(G29)-5)),G29)))) -> 19.73586009 | AK29: =IF(MID(H29,2,1)=",",_xlfn.TEXTJOIN(".",FALSE,MID(H29,1,1),MID(H29,3,LEN(H29)-2)),IF(MID(H29,3,1)=",",_xlfn.TEXTJOIN(".",FALSE,MID(H29,1,2),MID(H29,4,LEN(H29)-3)),IF(MID(H29,4,1)=",",_xlfn.TEXTJOIN(".",FALSE,MID(H29,1,3),MID(H29,5,LEN(H29)-4)),IF(MID(H29,5,1)=",",_xlfn.TEXTJOIN(".",FALSE,MID(H29,1,4),MID(H29,6,LEN(H29)-5)),H29)))) -> 14.30289051 | AL29: =IF(MID(I29,2,1)=",",_xlfn.TEXTJOIN(".",FALSE,MID(I29,1,1),MID(I29,3,LEN(I29)-2)),IF(MID(I29,3,1)=",",_xlfn.TEXTJOIN(".",FALSE,MID(I29,1,2),MID(I29,4,LEN(I29)-3)),IF(MID(I29,4,1)=",",_xlfn.TEXTJOIN(".",FALSE,MID(I29,1,3),MID(I29,5,LEN(I29)-4)),IF(MID(I29,5,1)=",",_xlfn.TEXTJOIN(".",FALSE,MID(I29,1,4),MID(I29,6,LEN(I29)-5)),I29)))) -> 283.5026657 | AM29: =IF(MID(J29,2,1)=",",_xlfn.TEXTJOIN(".",FALSE,MID(J29,1,1),MID(J29,3,LEN(J29)-2)),IF(MID(J29,3,1)=",",_xlfn.TEXTJOIN(".",FALSE,MID(J29,1,2),MID(J29,4,LEN(J29)-3)),IF(MID(J29,4,1)=",",_xlfn.TEXTJOIN(".",FALSE,MID(J29,1,3),MID(J29,5,LEN(J29)-4)),IF(MID(J29,5,1)=",",_xlfn.TEXTJOIN(".",FALSE,MID(J29,1,4),MID(J29,6,LEN(J29)-5)),J29)))) -> 3020.98105 | AN29: =IF(MID(K29,2,1)=",",_xlfn.TEXTJOIN(".",FALSE,MID(K29,1,1),MID(K29,3,LEN(K29)-2)),IF(MID(K29,3,1)=",",_xlfn.TEXTJOIN(".",FALSE,MID(K29,1,2),MID(K29,4,LEN(K29)-3)),IF(MID(K29,4,1)=",",_xlfn.TEXTJOIN(".",FALSE,MID(K29,1,3),MID(K29,5,LEN(K29)-4)),IF(MID(K29,5,1)=",",_xlfn.TEXTJOIN(".",FALSE,MID(K29,1,4),MID(K29,6,LEN(K29)-5)),K29)))) -> 1316.478915 | AO29: =IF(MID(L29,2,1)=",",_xlfn.TEXTJOIN(".",FALSE,MID(L29,1,1),MID(L29,3,LEN(L29)-2)),IF(MID(L29,3,1)=",",_xlfn.TEXTJOIN(".",FALSE,MID(L29,1,2),MID(L29,4,LEN(L29)-3)),IF(MID(L29,4,1)=",",_xlfn.TEXTJOIN(".",FALSE,MID(L29,1,3),MID(L29,5,LEN(L29)-4)),IF(MID(L29,5,1)=",",_xlfn.TEXTJOIN(".",FALSE,MID(L29,1,4),MID(L29,6,LEN(L29)-5)),L29)))) -> 14.47864032 | AP29: =IF(MID(M29,2,1)=",",_xlfn.TEXTJOIN(".",FALSE,MID(M29,1,1),MID(M29,3,LEN(M29)-2)),IF(MID(M29,3,1)=",",_xlfn.TEXTJOIN(".",FALSE,MID(M29,1,2),MID(M29,4,LEN(M29)-3)),IF(MID(M29,4,1)=",",_xlfn.TEXTJOIN(".",FALSE,MID(M29,1,3),MID(M29,5,LEN(M29)-4)),IF(MID(M29,5,1)=",",_xlfn.TEXTJOIN(".",FALSE,MID(M29,1,4),MID(M29,6,LEN(M29)-5)),M29)))) -> 283.5026657 | ... BJ29: =IF(MID(AG29,2,1)=",",_xlfn.TEXTJOIN(".",FALSE,MID(AG29,1,1),MID(AG29,3,LEN(AG29)-2)),IF(MID(AG29,3,1)=",",_xlfn.TEXTJOIN(".",FALSE,MID(AG29,1,2),MID(AG29,4,LEN(AG29)-3)),IF(MID(AG29,4,1)=",",_xlfn.TEXTJOIN(".",FALSE,MID(AG29,1,3),MID(AG29,5,LEN(AG29)-4)),IF(MID(AG29,5,1)=",",_xlfn.TEXTJOIN(".",FALSE,MID(AG29,1,4),MID(AG29,6,LEN(AG29)-5)),AG29)))) -> 4.015939192
A30: 29 | B30: HK_UK_4-0 | C30: Schule, Kindertagesstätte und sonstiges Betreuungsgebäude | E30: 29 | F30: 7.3427612 | G30: 17.451868 | H30: 10.109107 | I30: 238.9359 | J30: 2225.1601 | K30: 249.89858 | L30: 11.581334 | M30: 238.9359 | N30: 11.581334 | O30: 242.46988 | P30: 0.69016064 | Q30: 0.9740261 | R30: 0.56907012 | S30: 1.5322791 | T30: 0.95247941 | U30: 1.0727684 | V30: 20.965863 | W30: 24.008032 | X30: 3.9879518 | Y30: 19.98996 | Z30: 26.008032 | AA30: 0.60441767 | AB30: 7.7377008 | AC30: 1.8388554 | AD30: 0.22841038 | AE30: 0.92148557 | AF30: 67.358466 | AG30: 5.5776388 | AI30: =IF(MID(F30,2,1)=",",_xlfn.TEXTJOIN(".",FALSE,MID(F30,1,1),MID(F30,3,LEN(F30)-2)),IF(MID(F30,3,1)=",",_xlfn.TEXTJOIN(".",FALSE,MID(F30,1,2),MID(F30,4,LEN(F30)-3)),IF(MID(F30,4,1)=",",_xlfn.TEXTJOIN(".",FALSE,MID(F30,1,3),MID(F30,5,LEN(F30)-4)),IF(MID(F30,5,1)=",",_xlfn.TEXTJOIN(".",FALSE,MID(F30,1,4),MID(F30,6,LEN(F30)-5)),F30)))) -> 7.342761197 | AJ30: =IF(MID(G30,2,1)=",",_xlfn.TEXTJOIN(".",FALSE,MID(G30,1,1),MID(G30,3,LEN(G30)-2)),IF(MID(G30,3,1)=",",_xlfn.TEXTJOIN(".",FALSE,MID(G30,1,2),MID(G30,4,LEN(G30)-3)),IF(MID(G30,4,1)=",",_xlfn.TEXTJOIN(".",FALSE,MID(G30,1,3),MID(G30,5,LEN(G30)-4)),IF(MID(G30,5,1)=",",_xlfn.TEXTJOIN(".",FALSE,MID(G30,1,4),MID(G30,6,LEN(G30)-5)),G30)))) -> 17.4518681 | AK30: =IF(MID(H30,2,1)=",",_xlfn.TEXTJOIN(".",FALSE,MID(H30,1,1),MID(H30,3,LEN(H30)-2)),IF(MID(H30,3,1)=",",_xlfn.TEXTJOIN(".",FALSE,MID(H30,1,2),MID(H30,4,LEN(H30)-3)),IF(MID(H30,4,1)=",",_xlfn.TEXTJOIN(".",FALSE,MID(H30,1,3),MID(H30,5,LEN(H30)-4)),IF(MID(H30,5,1)=",",_xlfn.TEXTJOIN(".",FALSE,MID(H30,1,4),MID(H30,6,LEN(H30)-5)),H30)))) -> 10.1091069 | AL30: =IF(MID(I30,2,1)=",",_xlfn.TEXTJOIN(".",FALSE,MID(I30,1,1),MID(I30,3,LEN(I30)-2)),IF(MID(I30,3,1)=",",_xlfn.TEXTJOIN(".",FALSE,MID(I30,1,2),MID(I30,4,LEN(I30)-3)),IF(MID(I30,4,1)=",",_xlfn.TEXTJOIN(".",FALSE,MID(I30,1,3),MID(I30,5,LEN(I30)-4)),IF(MID(I30,5,1)=",",_xlfn.TEXTJOIN(".",FALSE,MID(I30,1,4),MID(I30,6,LEN(I30)-5)),I30)))) -> 238.9358988 | AM30: =IF(MID(J30,2,1)=",",_xlfn.TEXTJOIN(".",FALSE,MID(J30,1,1),MID(J30,3,LEN(J30)-2)),IF(MID(J30,3,1)=",",_xlfn.TEXTJOIN(".",FALSE,MID(J30,1,2),MID(J30,4,LEN(J30)-3)),IF(MID(J30,4,1)=",",_xlfn.TEXTJOIN(".",FALSE,MID(J30,1,3),MID(J30,5,LEN(J30)-4)),IF(MID(J30,5,1)=",",_xlfn.TEXTJOIN(".",FALSE,MID(J30,1,4),MID(J30,6,LEN(J30)-5)),J30)))) -> 2225.160061 | AN30: =IF(MID(K30,2,1)=",",_xlfn.TEXTJOIN(".",FALSE,MID(K30,1,1),MID(K30,3,LEN(K30)-2)),IF(MID(K30,3,1)=",",_xlfn.TEXTJOIN(".",FALSE,MID(K30,1,2),MID(K30,4,LEN(K30)-3)),IF(MID(K30,4,1)=",",_xlfn.TEXTJOIN(".",FALSE,MID(K30,1,3),MID(K30,5,LEN(K30)-4)),IF(MID(K30,5,1)=",",_xlfn.TEXTJOIN(".",FALSE,MID(K30,1,4),MID(K30,6,LEN(K30)-5)),K30)))) -> 249.8985802 | AO30: =IF(MID(L30,2,1)=",",_xlfn.TEXTJOIN(".",FALSE,MID(L30,1,1),MID(L30,3,LEN(L30)-2)),IF(MID(L30,3,1)=",",_xlfn.TEXTJOIN(".",FALSE,MID(L30,1,2),MID(L30,4,LEN(L30)-3)),IF(MID(L30,4,1)=",",_xlfn.TEXTJOIN(".",FALSE,MID(L30,1,3),MID(L30,5,LEN(L30)-4)),IF(MID(L30,5,1)=",",_xlfn.TEXTJOIN(".",FALSE,MID(L30,1,4),MID(L30,6,LEN(L30)-5)),L30)))) -> 11.58133432 | AP30: =IF(MID(M30,2,1)=",",_xlfn.TEXTJOIN(".",FALSE,MID(M30,1,1),MID(M30,3,LEN(M30)-2)),IF(MID(M30,3,1)=",",_xlfn.TEXTJOIN(".",FALSE,MID(M30,1,2),MID(M30,4,LEN(M30)-3)),IF(MID(M30,4,1)=",",_xlfn.TEXTJOIN(".",FALSE,MID(M30,1,3),MID(M30,5,LEN(M30)-4)),IF(MID(M30,5,1)=",",_xlfn.TEXTJOIN(".",FALSE,MID(M30,1,4),MID(M30,6,LEN(M30)-5)),M30)))) -> 238.9358988 | ... BJ30: =IF(MID(AG30,2,1)=",",_xlfn.TEXTJOIN(".",FALSE,MID(AG30,1,1),MID(AG30,3,LEN(AG30)-2)),IF(MID(AG30,3,1)=",",_xlfn.TEXTJOIN(".",FALSE,MID(AG30,1,2),MID(AG30,4,LEN(AG30)-3)),IF(MID(AG30,4,1)=",",_xlfn.TEXTJOIN(".",FALSE,MID(AG30,1,3),MID(AG30,5,LEN(AG30)-4)),IF(MID(AG30,5,1)=",",_xlfn.TEXTJOIN(".",FALSE,MID(AG30,1,4),MID(AG30,6,LEN(AG30)-5)),AG30)))) -> 5.577638801
A31: 30 | B31: HK_UK_4-1 | C31: Schule, Kindertagesstätte und sonstiges Betreuungsgebäude | D31: Schule, allgemein | E31: 30 | F31: 7.3024502 | G31: 17.45584 | H31: 10.15339 | I31: 238.39345 | J31: 2224.662 | K31: 267.66181 | L31: 11.528685 | M31: 238.39345 | N31: 11.519609 | O31: 240.47795 | P31: 0.67934748 | Q31: 0.97522478 | R31: 0.56014787 | S31: 1.5467118 | T31: 0.952377 | U31: 1.0806725 | V31: 20.960145 | W31: 24.003017 | X31: 3.9860337 | Y31: 19.996229 | Z31: 26.003017 | AA31: 0.60316162 | AB31: 7.3468539 | AC31: 1.7793426 | AD31: 0.21582013 | AE31: 0.92777193 | AF31: 67.513264 | AG31: 4.9157815 | AI31: =IF(MID(F31,2,1)=",",_xlfn.TEXTJOIN(".",FALSE,MID(F31,1,1),MID(F31,3,LEN(F31)-2)),IF(MID(F31,3,1)=",",_xlfn.TEXTJOIN(".",FALSE,MID(F31,1,2),MID(F31,4,LEN(F31)-3)),IF(MID(F31,4,1)=",",_xlfn.TEXTJOIN(".",FALSE,MID(F31,1,3),MID(F31,5,LEN(F31)-4)),IF(MID(F31,5,1)=",",_xlfn.TEXTJOIN(".",FALSE,MID(F31,1,4),MID(F31,6,LEN(F31)-5)),F31)))) -> 7.302450202 | AJ31: =IF(MID(G31,2,1)=",",_xlfn.TEXTJOIN(".",FALSE,MID(G31,1,1),MID(G31,3,LEN(G31)-2)),IF(MID(G31,3,1)=",",_xlfn.TEXTJOIN(".",FALSE,MID(G31,1,2),MID(G31,4,LEN(G31)-3)),IF(MID(G31,4,1)=",",_xlfn.TEXTJOIN(".",FALSE,MID(G31,1,3),MID(G31,5,LEN(G31)-4)),IF(MID(G31,5,1)=",",_xlfn.TEXTJOIN(".",FALSE,MID(G31,1,4),MID(G31,6,LEN(G31)-5)),G31)))) -> 17.45584038 | AK31: =IF(MID(H31,2,1)=",",_xlfn.TEXTJOIN(".",FALSE,MID(H31,1,1),MID(H31,3,LEN(H31)-2)),IF(MID(H31,3,1)=",",_xlfn.TEXTJOIN(".",FALSE,MID(H31,1,2),MID(H31,4,LEN(H31)-3)),IF(MID(H31,4,1)=",",_xlfn.TEXTJOIN(".",FALSE,MID(H31,1,3),MID(H31,5,LEN(H31)-4)),IF(MID(H31,5,1)=",",_xlfn.TEXTJOIN(".",FALSE,MID(H31,1,4),MID(H31,6,LEN(H31)-5)),H31)))) -> 10.15339018 | AL31: =IF(MID(I31,2,1)=",",_xlfn.TEXTJOIN(".",FALSE,MID(I31,1,1),MID(I31,3,LEN(I31)-2)),IF(MID(I31,3,1)=",",_xlfn.TEXTJOIN(".",FALSE,MID(I31,1,2),MID(I31,4,LEN(I31)-3)),IF(MID(I31,4,1)=",",_xlfn.TEXTJOIN(".",FALSE,MID(I31,1,3),MID(I31,5,LEN(I31)-4)),IF(MID(I31,5,1)=",",_xlfn.TEXTJOIN(".",FALSE,MID(I31,1,4),MID(I31,6,LEN(I31)-5)),I31)))) -> 238.3934512 | AM31: =IF(MID(J31,2,1)=",",_xlfn.TEXTJOIN(".",FALSE,MID(J31,1,1),MID(J31,3,LEN(J31)-2)),IF(MID(J31,3,1)=",",_xlfn.TEXTJOIN(".",FALSE,MID(J31,1,2),MID(J31,4,LEN(J31)-3)),IF(MID(J31,4,1)=",",_xlfn.TEXTJOIN(".",FALSE,MID(J31,1,3),MID(J31,5,LEN(J31)-4)),IF(MID(J31,5,1)=",",_xlfn.TEXTJOIN(".",FALSE,MID(J31,1,4),MID(J31,6,LEN(J31)-5)),J31)))) -> 2224.662006 | AN31: =IF(MID(K31,2,1)=",",_xlfn.TEXTJOIN(".",FALSE,MID(K31,1,1),MID(K31,3,LEN(K31)-2)),IF(MID(K31,3,1)=",",_xlfn.TEXTJOIN(".",FALSE,MID(K31,1,2),MID(K31,4,LEN(K31)-3)),IF(MID(K31,4,1)=",",_xlfn.TEXTJOIN(".",FALSE,MID(K31,1,3),MID(K31,5,LEN(K31)-4)),IF(MID(K31,5,1)=",",_xlfn.TEXTJOIN(".",FALSE,MID(K31,1,4),MID(K31,6,LEN(K31)-5)),K31)))) -> 267.6618129 | AO31: =IF(MID(L31,2,1)=",",_xlfn.TEXTJOIN(".",FALSE,MID(L31,1,1),MID(L31,3,LEN(L31)-2)),IF(MID(L31,3,1)=",",_xlfn.TEXTJOIN(".",FALSE,MID(L31,1,2),MID(L31,4,LEN(L31)-3)),IF(MID(L31,4,1)=",",_xlfn.TEXTJOIN(".",FALSE,MID(L31,1,3),MID(L31,5,LEN(L31)-4)),IF(MID(L31,5,1)=",",_xlfn.TEXTJOIN(".",FALSE,MID(L31,1,4),MID(L31,6,LEN(L31)-5)),L31)))) -> 11.52868453 | AP31: =IF(MID(M31,2,1)=",",_xlfn.TEXTJOIN(".",FALSE,MID(M31,1,1),MID(M31,3,LEN(M31)-2)),IF(MID(M31,3,1)=",",_xlfn.TEXTJOIN(".",FALSE,MID(M31,1,2),MID(M31,4,LEN(M31)-3)),IF(MID(M31,4,1)=",",_xlfn.TEXTJOIN(".",FALSE,MID(M31,1,3),MID(M31,5,LEN(M31)-4)),IF(MID(M31,5,1)=",",_xlfn.TEXTJOIN(".",FALSE,MID(M31,1,4),MID(M31,6,LEN(M31)-5)),M31)))) -> 238.3934512 | ... BJ31: =IF(MID(AG31,2,1)=",",_xlfn.TEXTJOIN(".",FALSE,MID(AG31,1,1),MID(AG31,3,LEN(AG31)-2)),IF(MID(AG31,3,1)=",",_xlfn.TEXTJOIN(".",FALSE,MID(AG31,1,2),MID(AG31,4,LEN(AG31)-3)),IF(MID(AG31,4,1)=",",_xlfn.TEXTJOIN(".",FALSE,MID(AG31,1,3),MID(AG31,5,LEN(AG31)-4)),IF(MID(AG31,5,1)=",",_xlfn.TEXTJOIN(".",FALSE,MID(AG31,1,4),MID(AG31,6,LEN(AG31)-5)),AG31)))) -> 4.915781526
A32: 31 | B32: HK_UK_4-2 | C32: Schule, Kindertagesstätte und sonstiges Betreuungsgebäude | D32: Ganztagesschule | E32: 31 | F32: 7.2912226 | G32: 18.729148 | H32: 11.437925 | I32: 245.80617 | J32: 2390.1505 | K32: 484.33159 | L32: 12.692254 | M32: 245.80617 | N32: 12.692254 | O32: 213.6 | P32: 0.8232 | Q32: 0.98398 | R32: 0.60649455 | S32: 1.67315 | T32: 0.96997326 | U32: 1.0205474 | V32: 20.714 | W32: 24 | X32: 4 | Y32: 19.992 | Z32: 26 | AA32: 0.379 | AB32: 5.4001 | AC32: 1.34875 | AD32: 0.22707342 | AE32: 0.94590035 | AF32: 76.152599 | AG32: 4.6676422 | AI32: =IF(MID(F32,2,1)=",",_xlfn.TEXTJOIN(".",FALSE,MID(F32,1,1),MID(F32,3,LEN(F32)-2)),IF(MID(F32,3,1)=",",_xlfn.TEXTJOIN(".",FALSE,MID(F32,1,2),MID(F32,4,LEN(F32)-3)),IF(MID(F32,4,1)=",",_xlfn.TEXTJOIN(".",FALSE,MID(F32,1,3),MID(F32,5,LEN(F32)-4)),IF(MID(F32,5,1)=",",_xlfn.TEXTJOIN(".",FALSE,MID(F32,1,4),MID(F32,6,LEN(F32)-5)),F32)))) -> 7.29122262 | AJ32: =IF(MID(G32,2,1)=",",_xlfn.TEXTJOIN(".",FALSE,MID(G32,1,1),MID(G32,3,LEN(G32)-2)),IF(MID(G32,3,1)=",",_xlfn.TEXTJOIN(".",FALSE,MID(G32,1,2),MID(G32,4,LEN(G32)-3)),IF(MID(G32,4,1)=",",_xlfn.TEXTJOIN(".",FALSE,MID(G32,1,3),MID(G32,5,LEN(G32)-4)),IF(MID(G32,5,1)=",",_xlfn.TEXTJOIN(".",FALSE,MID(G32,1,4),MID(G32,6,LEN(G32)-5)),G32)))) -> 18.72914782 | AK32: =IF(MID(H32,2,1)=",",_xlfn.TEXTJOIN(".",FALSE,MID(H32,1,1),MID(H32,3,LEN(H32)-2)),IF(MID(H32,3,1)=",",_xlfn.TEXTJOIN(".",FALSE,MID(H32,1,2),MID(H32,4,LEN(H32)-3)),IF(MID(H32,4,1)=",",_xlfn.TEXTJOIN(".",FALSE,MID(H32,1,3),MID(H32,5,LEN(H32)-4)),IF(MID(H32,5,1)=",",_xlfn.TEXTJOIN(".",FALSE,MID(H32,1,4),MID(H32,6,LEN(H32)-5)),H32)))) -> 11.4379252 | AL32: =IF(MID(I32,2,1)=",",_xlfn.TEXTJOIN(".",FALSE,MID(I32,1,1),MID(I32,3,LEN(I32)-2)),IF(MID(I32,3,1)=",",_xlfn.TEXTJOIN(".",FALSE,MID(I32,1,2),MID(I32,4,LEN(I32)-3)),IF(MID(I32,4,1)=",",_xlfn.TEXTJOIN(".",FALSE,MID(I32,1,3),MID(I32,5,LEN(I32)-4)),IF(MID(I32,5,1)=",",_xlfn.TEXTJOIN(".",FALSE,MID(I32,1,4),MID(I32,6,LEN(I32)-5)),I32)))) -> 245.8061662 | AM32: =IF(MID(J32,2,1)=",",_xlfn.TEXTJOIN(".",FALSE,MID(J32,1,1),MID(J32,3,LEN(J32)-2)),IF(MID(J32,3,1)=",",_xlfn.TEXTJOIN(".",FALSE,MID(J32,1,2),MID(J32,4,LEN(J32)-3)),IF(MID(J32,4,1)=",",_xlfn.TEXTJOIN(".",FALSE,MID(J32,1,3),MID(J32,5,LEN(J32)-4)),IF(MID(J32,5,1)=",",_xlfn.TEXTJOIN(".",FALSE,MID(J32,1,4),MID(J32,6,LEN(J32)-5)),J32)))) -> 2390.150497 | AN32: =IF(MID(K32,2,1)=",",_xlfn.TEXTJOIN(".",FALSE,MID(K32,1,1),MID(K32,3,LEN(K32)-2)),IF(MID(K32,3,1)=",",_xlfn.TEXTJOIN(".",FALSE,MID(K32,1,2),MID(K32,4,LEN(K32)-3)),IF(MID(K32,4,1)=",",_xlfn.TEXTJOIN(".",FALSE,MID(K32,1,3),MID(K32,5,LEN(K32)-4)),IF(MID(K32,5,1)=",",_xlfn.TEXTJOIN(".",FALSE,MID(K32,1,4),MID(K32,6,LEN(K32)-5)),K32)))) -> 484.3315899 | AO32: =IF(MID(L32,2,1)=",",_xlfn.TEXTJOIN(".",FALSE,MID(L32,1,1),MID(L32,3,LEN(L32)-2)),IF(MID(L32,3,1)=",",_xlfn.TEXTJOIN(".",FALSE,MID(L32,1,2),MID(L32,4,LEN(L32)-3)),IF(MID(L32,4,1)=",",_xlfn.TEXTJOIN(".",FALSE,MID(L32,1,3),MID(L32,5,LEN(L32)-4)),IF(MID(L32,5,1)=",",_xlfn.TEXTJOIN(".",FALSE,MID(L32,1,4),MID(L32,6,LEN(L32)-5)),L32)))) -> 12.69225425 | AP32: =IF(MID(M32,2,1)=",",_xlfn.TEXTJOIN(".",FALSE,MID(M32,1,1),MID(M32,3,LEN(M32)-2)),IF(MID(M32,3,1)=",",_xlfn.TEXTJOIN(".",FALSE,MID(M32,1,2),MID(M32,4,LEN(M32)-3)),IF(MID(M32,4,1)=",",_xlfn.TEXTJOIN(".",FALSE,MID(M32,1,3),MID(M32,5,LEN(M32)-4)),IF(MID(M32,5,1)=",",_xlfn.TEXTJOIN(".",FALSE,MID(M32,1,4),MID(M32,6,LEN(M32)-5)),M32)))) -> 245.8061662 | ... BJ32: =IF(MID(AG32,2,1)=",",_xlfn.TEXTJOIN(".",FALSE,MID(AG32,1,1),MID(AG32,3,LEN(AG32)-2)),IF(MID(AG32,3,1)=",",_xlfn.TEXTJOIN(".",FALSE,MID(AG32,1,2),MID(AG32,4,LEN(AG32)-3)),IF(MID(AG32,4,1)=",",_xlfn.TEXTJOIN(".",FALSE,MID(AG32,1,3),MID(AG32,5,LEN(AG32)-4)),IF(MID(AG32,5,1)=",",_xlfn.TEXTJOIN(".",FALSE,MID(AG32,1,4),MID(AG32,6,LEN(AG32)-5)),AG32)))) -> 4.667642167
A33: 32 | B33: HK_UK_4-3 | C33: Schule, Kindertagesstätte und sonstiges Betreuungsgebäude | D33: Internatsschule | E33: 32 | F33: 7.3024502 | G33: 17.45584 | H33: 10.15339 | I33: 238.39345 | J33: 2224.662 | K33: 267.66181 | L33: 11.528685 | M33: 238.39345 | N33: 11.519609 | O33: 240.47795 | P33: 0.67934748 | Q33: 0.97522478 | R33: 0.56014787 | S33: 1.5467118 | T33: 0.952377 | U33: 1.0806725 | V33: 20.960145 | W33: 24.003017 | X33: 3.9860337 | Y33: 19.996229 | Z33: 26.003017 | AA33: 0.60316162 | AB33: 7.3468539 | AC33: 1.7793426 | AD33: 0.21582013 | AE33: 0.92777193 | AF33: 67.513264 | AG33: 4.9157815 | AI33: =IF(MID(F33,2,1)=",",_xlfn.TEXTJOIN(".",FALSE,MID(F33,1,1),MID(F33,3,LEN(F33)-2)),IF(MID(F33,3,1)=",",_xlfn.TEXTJOIN(".",FALSE,MID(F33,1,2),MID(F33,4,LEN(F33)-3)),IF(MID(F33,4,1)=",",_xlfn.TEXTJOIN(".",FALSE,MID(F33,1,3),MID(F33,5,LEN(F33)-4)),IF(MID(F33,5,1)=",",_xlfn.TEXTJOIN(".",FALSE,MID(F33,1,4),MID(F33,6,LEN(F33)-5)),F33)))) -> 7.302450202 | AJ33: =IF(MID(G33,2,1)=",",_xlfn.TEXTJOIN(".",FALSE,MID(G33,1,1),MID(G33,3,LEN(G33)-2)),IF(MID(G33,3,1)=",",_xlfn.TEXTJOIN(".",FALSE,MID(G33,1,2),MID(G33,4,LEN(G33)-3)),IF(MID(G33,4,1)=",",_xlfn.TEXTJOIN(".",FALSE,MID(G33,1,3),MID(G33,5,LEN(G33)-4)),IF(MID(G33,5,1)=",",_xlfn.TEXTJOIN(".",FALSE,MID(G33,1,4),MID(G33,6,LEN(G33)-5)),G33)))) -> 17.45584038 | AK33: =IF(MID(H33,2,1)=",",_xlfn.TEXTJOIN(".",FALSE,MID(H33,1,1),MID(H33,3,LEN(H33)-2)),IF(MID(H33,3,1)=",",_xlfn.TEXTJOIN(".",FALSE,MID(H33,1,2),MID(H33,4,LEN(H33)-3)),IF(MID(H33,4,1)=",",_xlfn.TEXTJOIN(".",FALSE,MID(H33,1,3),MID(H33,5,LEN(H33)-4)),IF(MID(H33,5,1)=",",_xlfn.TEXTJOIN(".",FALSE,MID(H33,1,4),MID(H33,6,LEN(H33)-5)),H33)))) -> 10.15339018 | AL33: =IF(MID(I33,2,1)=",",_xlfn.TEXTJOIN(".",FALSE,MID(I33,1,1),MID(I33,3,LEN(I33)-2)),IF(MID(I33,3,1)=",",_xlfn.TEXTJOIN(".",FALSE,MID(I33,1,2),MID(I33,4,LEN(I33)-3)),IF(MID(I33,4,1)=",",_xlfn.TEXTJOIN(".",FALSE,MID(I33,1,3),MID(I33,5,LEN(I33)-4)),IF(MID(I33,5,1)=",",_xlfn.TEXTJOIN(".",FALSE,MID(I33,1,4),MID(I33,6,LEN(I33)-5)),I33)))) -> 238.3934512 | AM33: =IF(MID(J33,2,1)=",",_xlfn.TEXTJOIN(".",FALSE,MID(J33,1,1),MID(J33,3,LEN(J33)-2)),IF(MID(J33,3,1)=",",_xlfn.TEXTJOIN(".",FALSE,MID(J33,1,2),MID(J33,4,LEN(J33)-3)),IF(MID(J33,4,1)=",",_xlfn.TEXTJOIN(".",FALSE,MID(J33,1,3),MID(J33,5,LEN(J33)-4)),IF(MID(J33,5,1)=",",_xlfn.TEXTJOIN(".",FALSE,MID(J33,1,4),MID(J33,6,LEN(J33)-5)),J33)))) -> 2224.662006 | AN33: =IF(MID(K33,2,1)=",",_xlfn.TEXTJOIN(".",FALSE,MID(K33,1,1),MID(K33,3,LEN(K33)-2)),IF(MID(K33,3,1)=",",_xlfn.TEXTJOIN(".",FALSE,MID(K33,1,2),MID(K33,4,LEN(K33)-3)),IF(MID(K33,4,1)=",",_xlfn.TEXTJOIN(".",FALSE,MID(K33,1,3),MID(K33,5,LEN(K33)-4)),IF(MID(K33,5,1)=",",_xlfn.TEXTJOIN(".",FALSE,MID(K33,1,4),MID(K33,6,LEN(K33)-5)),K33)))) -> 267.6618129 | AO33: =IF(MID(L33,2,1)=",",_xlfn.TEXTJOIN(".",FALSE,MID(L33,1,1),MID(L33,3,LEN(L33)-2)),IF(MID(L33,3,1)=",",_xlfn.TEXTJOIN(".",FALSE,MID(L33,1,2),MID(L33,4,LEN(L33)-3)),IF(MID(L33,4,1)=",",_xlfn.TEXTJOIN(".",FALSE,MID(L33,1,3),MID(L33,5,LEN(L33)-4)),IF(MID(L33,5,1)=",",_xlfn.TEXTJOIN(".",FALSE,MID(L33,1,4),MID(L33,6,LEN(L33)-5)),L33)))) -> 11.52868453 | AP33: =IF(MID(M33,2,1)=",",_xlfn.TEXTJOIN(".",FALSE,MID(M33,1,1),MID(M33,3,LEN(M33)-2)),IF(MID(M33,3,1)=",",_xlfn.TEXTJOIN(".",FALSE,MID(M33,1,2),MID(M33,4,LEN(M33)-3)),IF(MID(M33,4,1)=",",_xlfn.TEXTJOIN(".",FALSE,MID(M33,1,3),MID(M33,5,LEN(M33)-4)),IF(MID(M33,5,1)=",",_xlfn.TEXTJOIN(".",FALSE,MID(M33,1,4),MID(M33,6,LEN(M33)-5)),M33)))) -> 238.3934512 | ... BJ33: =IF(MID(AG33,2,1)=",",_xlfn.TEXTJOIN(".",FALSE,MID(AG33,1,1),MID(AG33,3,LEN(AG33)-2)),IF(MID(AG33,3,1)=",",_xlfn.TEXTJOIN(".",FALSE,MID(AG33,1,2),MID(AG33,4,LEN(AG33)-3)),IF(MID(AG33,4,1)=",",_xlfn.TEXTJOIN(".",FALSE,MID(AG33,1,3),MID(AG33,5,LEN(AG33)-4)),IF(MID(AG33,5,1)=",",_xlfn.TEXTJOIN(".",FALSE,MID(AG33,1,4),MID(AG33,6,LEN(AG33)-5)),AG33)))) -> 4.915781526
A34: 33 | B34: HK_UK_4-4 | C34: Schule, Kindertagesstätte und sonstiges Betreuungsgebäude | D34: Förder-, Sonderschule | E34: 33 | F34: 7.3024502 | G34: 17.45584 | H34: 10.15339 | I34: 238.39345 | J34: 2224.662 | K34: 267.66181 | L34: 11.528685 | M34: 238.39345 | N34: 11.519609 | O34: 240.47795 | P34: 0.67934748 | Q34: 0.97522478 | R34: 0.56014787 | S34: 1.5467118 | T34: 0.952377 | U34: 1.0806725 | V34: 20.960145 | W34: 24.003017 | X34: 3.9860337 | Y34: 19.996229 | Z34: 26.003017 | AA34: 0.60316162 | AB34: 7.3468539 | AC34: 1.7793426 | AD34: 0.21582013 | AE34: 0.92777193 | AF34: 67.513264 | AG34: 4.9157815 | AI34: =IF(MID(F34,2,1)=",",_xlfn.TEXTJOIN(".",FALSE,MID(F34,1,1),MID(F34,3,LEN(F34)-2)),IF(MID(F34,3,1)=",",_xlfn.TEXTJOIN(".",FALSE,MID(F34,1,2),MID(F34,4,LEN(F34)-3)),IF(MID(F34,4,1)=",",_xlfn.TEXTJOIN(".",FALSE,MID(F34,1,3),MID(F34,5,LEN(F34)-4)),IF(MID(F34,5,1)=",",_xlfn.TEXTJOIN(".",FALSE,MID(F34,1,4),MID(F34,6,LEN(F34)-5)),F34)))) -> 7.302450202 | AJ34: =IF(MID(G34,2,1)=",",_xlfn.TEXTJOIN(".",FALSE,MID(G34,1,1),MID(G34,3,LEN(G34)-2)),IF(MID(G34,3,1)=",",_xlfn.TEXTJOIN(".",FALSE,MID(G34,1,2),MID(G34,4,LEN(G34)-3)),IF(MID(G34,4,1)=",",_xlfn.TEXTJOIN(".",FALSE,MID(G34,1,3),MID(G34,5,LEN(G34)-4)),IF(MID(G34,5,1)=",",_xlfn.TEXTJOIN(".",FALSE,MID(G34,1,4),MID(G34,6,LEN(G34)-5)),G34)))) -> 17.45584038 | AK34: =IF(MID(H34,2,1)=",",_xlfn.TEXTJOIN(".",FALSE,MID(H34,1,1),MID(H34,3,LEN(H34)-2)),IF(MID(H34,3,1)=",",_xlfn.TEXTJOIN(".",FALSE,MID(H34,1,2),MID(H34,4,LEN(H34)-3)),IF(MID(H34,4,1)=",",_xlfn.TEXTJOIN(".",FALSE,MID(H34,1,3),MID(H34,5,LEN(H34)-4)),IF(MID(H34,5,1)=",",_xlfn.TEXTJOIN(".",FALSE,MID(H34,1,4),MID(H34,6,LEN(H34)-5)),H34)))) -> 10.15339018 | AL34: =IF(MID(I34,2,1)=",",_xlfn.TEXTJOIN(".",FALSE,MID(I34,1,1),MID(I34,3,LEN(I34)-2)),IF(MID(I34,3,1)=",",_xlfn.TEXTJOIN(".",FALSE,MID(I34,1,2),MID(I34,4,LEN(I34)-3)),IF(MID(I34,4,1)=",",_xlfn.TEXTJOIN(".",FALSE,MID(I34,1,3),MID(I34,5,LEN(I34)-4)),IF(MID(I34,5,1)=",",_xlfn.TEXTJOIN(".",FALSE,MID(I34,1,4),MID(I34,6,LEN(I34)-5)),I34)))) -> 238.3934512 | AM34: =IF(MID(J34,2,1)=",",_xlfn.TEXTJOIN(".",FALSE,MID(J34,1,1),MID(J34,3,LEN(J34)-2)),IF(MID(J34,3,1)=",",_xlfn.TEXTJOIN(".",FALSE,MID(J34,1,2),MID(J34,4,LEN(J34)-3)),IF(MID(J34,4,1)=",",_xlfn.TEXTJOIN(".",FALSE,MID(J34,1,3),MID(J34,5,LEN(J34)-4)),IF(MID(J34,5,1)=",",_xlfn.TEXTJOIN(".",FALSE,MID(J34,1,4),MID(J34,6,LEN(J34)-5)),J34)))) -> 2224.662006 | AN34: =IF(MID(K34,2,1)=",",_xlfn.TEXTJOIN(".",FALSE,MID(K34,1,1),MID(K34,3,LEN(K34)-2)),IF(MID(K34,3,1)=",",_xlfn.TEXTJOIN(".",FALSE,MID(K34,1,2),MID(K34,4,LEN(K34)-3)),IF(MID(K34,4,1)=",",_xlfn.TEXTJOIN(".",FALSE,MID(K34,1,3),MID(K34,5,LEN(K34)-4)),IF(MID(K34,5,1)=",",_xlfn.TEXTJOIN(".",FALSE,MID(K34,1,4),MID(K34,6,LEN(K34)-5)),K34)))) -> 267.6618129 | AO34: =IF(MID(L34,2,1)=",",_xlfn.TEXTJOIN(".",FALSE,MID(L34,1,1),MID(L34,3,LEN(L34)-2)),IF(MID(L34,3,1)=",",_xlfn.TEXTJOIN(".",FALSE,MID(L34,1,2),MID(L34,4,LEN(L34)-3)),IF(MID(L34,4,1)=",",_xlfn.TEXTJOIN(".",FALSE,MID(L34,1,3),MID(L34,5,LEN(L34)-4)),IF(MID(L34,5,1)=",",_xlfn.TEXTJOIN(".",FALSE,MID(L34,1,4),MID(L34,6,LEN(L34)-5)),L34)))) -> 11.52868453 | AP34: =IF(MID(M34,2,1)=",",_xlfn.TEXTJOIN(".",FALSE,MID(M34,1,1),MID(M34,3,LEN(M34)-2)),IF(MID(M34,3,1)=",",_xlfn.TEXTJOIN(".",FALSE,MID(M34,1,2),MID(M34,4,LEN(M34)-3)),IF(MID(M34,4,1)=",",_xlfn.TEXTJOIN(".",FALSE,MID(M34,1,3),MID(M34,5,LEN(M34)-4)),IF(MID(M34,5,1)=",",_xlfn.TEXTJOIN(".",FALSE,MID(M34,1,4),MID(M34,6,LEN(M34)-5)),M34)))) -> 238.3934512 | ... BJ34: =IF(MID(AG34,2,1)=",",_xlfn.TEXTJOIN(".",FALSE,MID(AG34,1,1),MID(AG34,3,LEN(AG34)-2)),IF(MID(AG34,3,1)=",",_xlfn.TEXTJOIN(".",FALSE,MID(AG34,1,2),MID(AG34,4,LEN(AG34)-3)),IF(MID(AG34,4,1)=",",_xlfn.TEXTJOIN(".",FALSE,MID(AG34,1,3),MID(AG34,5,LEN(AG34)-4)),IF(MID(AG34,5,1)=",",_xlfn.TEXTJOIN(".",FALSE,MID(AG34,1,4),MID(AG34,6,LEN(AG34)-5)),AG34)))) -> 4.915781526
A35: 34 | B35: HK_UK_4-5 | C35: Schule, Kindertagesstätte und sonstiges Betreuungsgebäude | D35: Berufsbildende Schule (gewerblich, wirtschaftlich) | E35: 34 | F35: 6.9296856 | G35: 17.886887 | H35: 10.957201 | I35: 244.32053 | J35: 2367.1784 | K35: 442.60145 | L35: 12 | M35: 244.32053 | N35: 12 | O35: 274.87487 | P35: 0.68328328 | Q35: 0.96312312 | R35: 0.51839142 | S35: 1.5670671 | T35: 0.90802524 | U35: 1.0437932 | V35: 20.854855 | W35: 24.096096 | X35: 3.9399399 | Y35: 19.871872 | Z35: 26.096096 | AA35: 0.6006006 | AB35: 8.4471471 | AC35: 1.8268268 | AD35: 0.22195729 | AE35: 0.88264068 | AF35: 69.083416 | AG35: 5.9682037 | AI35: =IF(MID(F35,2,1)=",",_xlfn.TEXTJOIN(".",FALSE,MID(F35,1,1),MID(F35,3,LEN(F35)-2)),IF(MID(F35,3,1)=",",_xlfn.TEXTJOIN(".",FALSE,MID(F35,1,2),MID(F35,4,LEN(F35)-3)),IF(MID(F35,4,1)=",",_xlfn.TEXTJOIN(".",FALSE,MID(F35,1,3),MID(F35,5,LEN(F35)-4)),IF(MID(F35,5,1)=",",_xlfn.TEXTJOIN(".",FALSE,MID(F35,1,4),MID(F35,6,LEN(F35)-5)),F35)))) -> 6.92968555 | AJ35: =IF(MID(G35,2,1)=",",_xlfn.TEXTJOIN(".",FALSE,MID(G35,1,1),MID(G35,3,LEN(G35)-2)),IF(MID(G35,3,1)=",",_xlfn.TEXTJOIN(".",FALSE,MID(G35,1,2),MID(G35,4,LEN(G35)-3)),IF(MID(G35,4,1)=",",_xlfn.TEXTJOIN(".",FALSE,MID(G35,1,3),MID(G35,5,LEN(G35)-4)),IF(MID(G35,5,1)=",",_xlfn.TEXTJOIN(".",FALSE,MID(G35,1,4),MID(G35,6,LEN(G35)-5)),G35)))) -> 17.88688657 | AK35: =IF(MID(H35,2,1)=",",_xlfn.TEXTJOIN(".",FALSE,MID(H35,1,1),MID(H35,3,LEN(H35)-2)),IF(MID(H35,3,1)=",",_xlfn.TEXTJOIN(".",FALSE,MID(H35,1,2),MID(H35,4,LEN(H35)-3)),IF(MID(H35,4,1)=",",_xlfn.TEXTJOIN(".",FALSE,MID(H35,1,3),MID(H35,5,LEN(H35)-4)),IF(MID(H35,5,1)=",",_xlfn.TEXTJOIN(".",FALSE,MID(H35,1,4),MID(H35,6,LEN(H35)-5)),H35)))) -> 10.95720102 | AL35: =IF(MID(I35,2,1)=",",_xlfn.TEXTJOIN(".",FALSE,MID(I35,1,1),MID(I35,3,LEN(I35)-2)),IF(MID(I35,3,1)=",",_xlfn.TEXTJOIN(".",FALSE,MID(I35,1,2),MID(I35,4,LEN(I35)-3)),IF(MID(I35,4,1)=",",_xlfn.TEXTJOIN(".",FALSE,MID(I35,1,3),MID(I35,5,LEN(I35)-4)),IF(MID(I35,5,1)=",",_xlfn.TEXTJOIN(".",FALSE,MID(I35,1,4),MID(I35,6,LEN(I35)-5)),I35)))) -> 244.3205275 | AM35: =IF(MID(J35,2,1)=",",_xlfn.TEXTJOIN(".",FALSE,MID(J35,1,1),MID(J35,3,LEN(J35)-2)),IF(MID(J35,3,1)=",",_xlfn.TEXTJOIN(".",FALSE,MID(J35,1,2),MID(J35,4,LEN(J35)-3)),IF(MID(J35,4,1)=",",_xlfn.TEXTJOIN(".",FALSE,MID(J35,1,3),MID(J35,5,LEN(J35)-4)),IF(MID(J35,5,1)=",",_xlfn.TEXTJOIN(".",FALSE,MID(J35,1,4),MID(J35,6,LEN(J35)-5)),J35)))) -> 2367.178448 | AN35: =IF(MID(K35,2,1)=",",_xlfn.TEXTJOIN(".",FALSE,MID(K35,1,1),MID(K35,3,LEN(K35)-2)),IF(MID(K35,3,1)=",",_xlfn.TEXTJOIN(".",FALSE,MID(K35,1,2),MID(K35,4,LEN(K35)-3)),IF(MID(K35,4,1)=",",_xlfn.TEXTJOIN(".",FALSE,MID(K35,1,3),MID(K35,5,LEN(K35)-4)),IF(MID(K35,5,1)=",",_xlfn.TEXTJOIN(".",FALSE,MID(K35,1,4),MID(K35,6,LEN(K35)-5)),K35)))) -> 442.6014453 | AO35: =IF(MID(L35,2,1)=",",_xlfn.TEXTJOIN(".",FALSE,MID(L35,1,1),MID(L35,3,LEN(L35)-2)),IF(MID(L35,3,1)=",",_xlfn.TEXTJOIN(".",FALSE,MID(L35,1,2),MID(L35,4,LEN(L35)-3)),IF(MID(L35,4,1)=",",_xlfn.TEXTJOIN(".",FALSE,MID(L35,1,3),MID(L35,5,LEN(L35)-4)),IF(MID(L35,5,1)=",",_xlfn.TEXTJOIN(".",FALSE,MID(L35,1,4),MID(L35,6,LEN(L35)-5)),L35)))) -> 12 | AP35: =IF(MID(M35,2,1)=",",_xlfn.TEXTJOIN(".",FALSE,MID(M35,1,1),MID(M35,3,LEN(M35)-2)),IF(MID(M35,3,1)=",",_xlfn.TEXTJOIN(".",FALSE,MID(M35,1,2),MID(M35,4,LEN(M35)-3)),IF(MID(M35,4,1)=",",_xlfn.TEXTJOIN(".",FALSE,MID(M35,1,3),MID(M35,5,LEN(M35)-4)),IF(MID(M35,5,1)=",",_xlfn.TEXTJOIN(".",FALSE,MID(M35,1,4),MID(M35,6,LEN(M35)-5)),M35)))) -> 244.3205275 | ... BJ35: =IF(MID(AG35,2,1)=",",_xlfn.TEXTJOIN(".",FALSE,MID(AG35,1,1),MID(AG35,3,LEN(AG35)-2)),IF(MID(AG35,3,1)=",",_xlfn.TEXTJOIN(".",FALSE,MID(AG35,1,2),MID(AG35,4,LEN(AG35)-3)),IF(MID(AG35,4,1)=",",_xlfn.TEXTJOIN(".",FALSE,MID(AG35,1,3),MID(AG35,5,LEN(AG35)-4)),IF(MID(AG35,5,1)=",",_xlfn.TEXTJOIN(".",FALSE,MID(AG35,1,4),MID(AG35,6,LEN(AG35)-5)),AG35)))) -> 5.968203705
A36: 35 | B36: HK_UK_4-6 | C36: Schule, Kindertagesstätte und sonstiges Betreuungsgebäude | D36: Berufsbildende Schule (mit höherer technischer Ausstattung, z.B. Werkstätten) | E36: 35 | F36: 6.9296856 | G36: 17.886887 | H36: 10.957201 | I36: 244.32053 | J36: 2367.1784 | K36: 442.60145 | L36: 12 | M36: 244.32053 | N36: 12 | O36: 274.87487 | P36: 0.68328328 | Q36: 0.96312312 | R36: 0.51839142 | S36: 1.5670671 | T36: 0.90802524 | U36: 1.0437932 | V36: 20.854855 | W36: 24.096096 | X36: 3.9399399 | Y36: 19.871872 | Z36: 26.096096 | AA36: 0.6006006 | AB36: 8.4471471 | AC36: 1.8268268 | AD36: 0.22195729 | AE36: 0.88264068 | AF36: 69.083416 | AG36: 5.9682037 | AI36: =IF(MID(F36,2,1)=",",_xlfn.TEXTJOIN(".",FALSE,MID(F36,1,1),MID(F36,3,LEN(F36)-2)),IF(MID(F36,3,1)=",",_xlfn.TEXTJOIN(".",FALSE,MID(F36,1,2),MID(F36,4,LEN(F36)-3)),IF(MID(F36,4,1)=",",_xlfn.TEXTJOIN(".",FALSE,MID(F36,1,3),MID(F36,5,LEN(F36)-4)),IF(MID(F36,5,1)=",",_xlfn.TEXTJOIN(".",FALSE,MID(F36,1,4),MID(F36,6,LEN(F36)-5)),F36)))) -> 6.92968555 | AJ36: =IF(MID(G36,2,1)=",",_xlfn.TEXTJOIN(".",FALSE,MID(G36,1,1),MID(G36,3,LEN(G36)-2)),IF(MID(G36,3,1)=",",_xlfn.TEXTJOIN(".",FALSE,MID(G36,1,2),MID(G36,4,LEN(G36)-3)),IF(MID(G36,4,1)=",",_xlfn.TEXTJOIN(".",FALSE,MID(G36,1,3),MID(G36,5,LEN(G36)-4)),IF(MID(G36,5,1)=",",_xlfn.TEXTJOIN(".",FALSE,MID(G36,1,4),MID(G36,6,LEN(G36)-5)),G36)))) -> 17.88688657 | AK36: =IF(MID(H36,2,1)=",",_xlfn.TEXTJOIN(".",FALSE,MID(H36,1,1),MID(H36,3,LEN(H36)-2)),IF(MID(H36,3,1)=",",_xlfn.TEXTJOIN(".",FALSE,MID(H36,1,2),MID(H36,4,LEN(H36)-3)),IF(MID(H36,4,1)=",",_xlfn.TEXTJOIN(".",FALSE,MID(H36,1,3),MID(H36,5,LEN(H36)-4)),IF(MID(H36,5,1)=",",_xlfn.TEXTJOIN(".",FALSE,MID(H36,1,4),MID(H36,6,LEN(H36)-5)),H36)))) -> 10.95720102 | AL36: =IF(MID(I36,2,1)=",",_xlfn.TEXTJOIN(".",FALSE,MID(I36,1,1),MID(I36,3,LEN(I36)-2)),IF(MID(I36,3,1)=",",_xlfn.TEXTJOIN(".",FALSE,MID(I36,1,2),MID(I36,4,LEN(I36)-3)),IF(MID(I36,4,1)=",",_xlfn.TEXTJOIN(".",FALSE,MID(I36,1,3),MID(I36,5,LEN(I36)-4)),IF(MID(I36,5,1)=",",_xlfn.TEXTJOIN(".",FALSE,MID(I36,1,4),MID(I36,6,LEN(I36)-5)),I36)))) -> 244.3205275 | AM36: =IF(MID(J36,2,1)=",",_xlfn.TEXTJOIN(".",FALSE,MID(J36,1,1),MID(J36,3,LEN(J36)-2)),IF(MID(J36,3,1)=",",_xlfn.TEXTJOIN(".",FALSE,MID(J36,1,2),MID(J36,4,LEN(J36)-3)),IF(MID(J36,4,1)=",",_xlfn.TEXTJOIN(".",FALSE,MID(J36,1,3),MID(J36,5,LEN(J36)-4)),IF(MID(J36,5,1)=",",_xlfn.TEXTJOIN(".",FALSE,MID(J36,1,4),MID(J36,6,LEN(J36)-5)),J36)))) -> 2367.178448 | AN36: =IF(MID(K36,2,1)=",",_xlfn.TEXTJOIN(".",FALSE,MID(K36,1,1),MID(K36,3,LEN(K36)-2)),IF(MID(K36,3,1)=",",_xlfn.TEXTJOIN(".",FALSE,MID(K36,1,2),MID(K36,4,LEN(K36)-3)),IF(MID(K36,4,1)=",",_xlfn.TEXTJOIN(".",FALSE,MID(K36,1,3),MID(K36,5,LEN(K36)-4)),IF(MID(K36,5,1)=",",_xlfn.TEXTJOIN(".",FALSE,MID(K36,1,4),MID(K36,6,LEN(K36)-5)),K36)))) -> 442.6014453 | AO36: =IF(MID(L36,2,1)=",",_xlfn.TEXTJOIN(".",FALSE,MID(L36,1,1),MID(L36,3,LEN(L36)-2)),IF(MID(L36,3,1)=",",_xlfn.TEXTJOIN(".",FALSE,MID(L36,1,2),MID(L36,4,LEN(L36)-3)),IF(MID(L36,4,1)=",",_xlfn.TEXTJOIN(".",FALSE,MID(L36,1,3),MID(L36,5,LEN(L36)-4)),IF(MID(L36,5,1)=",",_xlfn.TEXTJOIN(".",FALSE,MID(L36,1,4),MID(L36,6,LEN(L36)-5)),L36)))) -> 12 | AP36: =IF(MID(M36,2,1)=",",_xlfn.TEXTJOIN(".",FALSE,MID(M36,1,1),MID(M36,3,LEN(M36)-2)),IF(MID(M36,3,1)=",",_xlfn.TEXTJOIN(".",FALSE,MID(M36,1,2),MID(M36,4,LEN(M36)-3)),IF(MID(M36,4,1)=",",_xlfn.TEXTJOIN(".",FALSE,MID(M36,1,3),MID(M36,5,LEN(M36)-4)),IF(MID(M36,5,1)=",",_xlfn.TEXTJOIN(".",FALSE,MID(M36,1,4),MID(M36,6,LEN(M36)-5)),M36)))) -> 244.3205275 | ... BJ36: =IF(MID(AG36,2,1)=",",_xlfn.TEXTJOIN(".",FALSE,MID(AG36,1,1),MID(AG36,3,LEN(AG36)-2)),IF(MID(AG36,3,1)=",",_xlfn.TEXTJOIN(".",FALSE,MID(AG36,1,2),MID(AG36,4,LEN(AG36)-3)),IF(MID(AG36,4,1)=",",_xlfn.TEXTJOIN(".",FALSE,MID(AG36,1,3),MID(AG36,5,LEN(AG36)-4)),IF(MID(AG36,5,1)=",",_xlfn.TEXTJOIN(".",FALSE,MID(AG36,1,4),MID(AG36,6,LEN(AG36)-5)),AG36)))) -> 5.968203705
A37: 36 | B37: HK_UK_4-7 | C37: Schule, Kindertagesstätte und sonstiges Betreuungsgebäude | D37: Berufsakademie, Berufskolleg | E37: 36 | F37: 6.9296856 | G37: 17.886887 | H37: 10.957201 | I37: 244.32053 | J37: 2367.1784 | K37: 442.60145 | L37: 12 | M37: 244.32053 | N37: 12 | O37: 274.87487 | P37: 0.68328328 | Q37: 0.96312312 | R37: 0.51839142 | S37: 1.5670671 | T37: 0.90802524 | U37: 1.0437932 | V37: 20.854855 | W37: 24.096096 | X37: 3.9399399 | Y37: 19.871872 | Z37: 26.096096 | AA37: 0.6006006 | AB37: 8.4471471 | AC37: 1.8268268 | AD37: 0.22195729 | AE37: 0.88264068 | AF37: 69.083416 | AG37: 5.9682037 | AI37: =IF(MID(F37,2,1)=",",_xlfn.TEXTJOIN(".",FALSE,MID(F37,1,1),MID(F37,3,LEN(F37)-2)),IF(MID(F37,3,1)=",",_xlfn.TEXTJOIN(".",FALSE,MID(F37,1,2),MID(F37,4,LEN(F37)-3)),IF(MID(F37,4,1)=",",_xlfn.TEXTJOIN(".",FALSE,MID(F37,1,3),MID(F37,5,LEN(F37)-4)),IF(MID(F37,5,1)=",",_xlfn.TEXTJOIN(".",FALSE,MID(F37,1,4),MID(F37,6,LEN(F37)-5)),F37)))) -> 6.92968555 | AJ37: =IF(MID(G37,2,1)=",",_xlfn.TEXTJOIN(".",FALSE,MID(G37,1,1),MID(G37,3,LEN(G37)-2)),IF(MID(G37,3,1)=",",_xlfn.TEXTJOIN(".",FALSE,MID(G37,1,2),MID(G37,4,LEN(G37)-3)),IF(MID(G37,4,1)=",",_xlfn.TEXTJOIN(".",FALSE,MID(G37,1,3),MID(G37,5,LEN(G37)-4)),IF(MID(G37,5,1)=",",_xlfn.TEXTJOIN(".",FALSE,MID(G37,1,4),MID(G37,6,LEN(G37)-5)),G37)))) -> 17.88688657 | AK37: =IF(MID(H37,2,1)=",",_xlfn.TEXTJOIN(".",FALSE,MID(H37,1,1),MID(H37,3,LEN(H37)-2)),IF(MID(H37,3,1)=",",_xlfn.TEXTJOIN(".",FALSE,MID(H37,1,2),MID(H37,4,LEN(H37)-3)),IF(MID(H37,4,1)=",",_xlfn.TEXTJOIN(".",FALSE,MID(H37,1,3),MID(H37,5,LEN(H37)-4)),IF(MID(H37,5,1)=",",_xlfn.TEXTJOIN(".",FALSE,MID(H37,1,4),MID(H37,6,LEN(H37)-5)),H37)))) -> 10.95720102 | AL37: =IF(MID(I37,2,1)=",",_xlfn.TEXTJOIN(".",FALSE,MID(I37,1,1),MID(I37,3,LEN(I37)-2)),IF(MID(I37,3,1)=",",_xlfn.TEXTJOIN(".",FALSE,MID(I37,1,2),MID(I37,4,LEN(I37)-3)),IF(MID(I37,4,1)=",",_xlfn.TEXTJOIN(".",FALSE,MID(I37,1,3),MID(I37,5,LEN(I37)-4)),IF(MID(I37,5,1)=",",_xlfn.TEXTJOIN(".",FALSE,MID(I37,1,4),MID(I37,6,LEN(I37)-5)),I37)))) -> 244.3205275 | AM37: =IF(MID(J37,2,1)=",",_xlfn.TEXTJOIN(".",FALSE,MID(J37,1,1),MID(J37,3,LEN(J37)-2)),IF(MID(J37,3,1)=",",_xlfn.TEXTJOIN(".",FALSE,MID(J37,1,2),MID(J37,4,LEN(J37)-3)),IF(MID(J37,4,1)=",",_xlfn.TEXTJOIN(".",FALSE,MID(J37,1,3),MID(J37,5,LEN(J37)-4)),IF(MID(J37,5,1)=",",_xlfn.TEXTJOIN(".",FALSE,MID(J37,1,4),MID(J37,6,LEN(J37)-5)),J37)))) -> 2367.178448 | AN37: =IF(MID(K37,2,1)=",",_xlfn.TEXTJOIN(".",FALSE,MID(K37,1,1),MID(K37,3,LEN(K37)-2)),IF(MID(K37,3,1)=",",_xlfn.TEXTJOIN(".",FALSE,MID(K37,1,2),MID(K37,4,LEN(K37)-3)),IF(MID(K37,4,1)=",",_xlfn.TEXTJOIN(".",FALSE,MID(K37,1,3),MID(K37,5,LEN(K37)-4)),IF(MID(K37,5,1)=",",_xlfn.TEXTJOIN(".",FALSE,MID(K37,1,4),MID(K37,6,LEN(K37)-5)),K37)))) -> 442.6014453 | AO37: =IF(MID(L37,2,1)=",",_xlfn.TEXTJOIN(".",FALSE,MID(L37,1,1),MID(L37,3,LEN(L37)-2)),IF(MID(L37,3,1)=",",_xlfn.TEXTJOIN(".",FALSE,MID(L37,1,2),MID(L37,4,LEN(L37)-3)),IF(MID(L37,4,1)=",",_xlfn.TEXTJOIN(".",FALSE,MID(L37,1,3),MID(L37,5,LEN(L37)-4)),IF(MID(L37,5,1)=",",_xlfn.TEXTJOIN(".",FALSE,MID(L37,1,4),MID(L37,6,LEN(L37)-5)),L37)))) -> 12 | AP37: =IF(MID(M37,2,1)=",",_xlfn.TEXTJOIN(".",FALSE,MID(M37,1,1),MID(M37,3,LEN(M37)-2)),IF(MID(M37,3,1)=",",_xlfn.TEXTJOIN(".",FALSE,MID(M37,1,2),MID(M37,4,LEN(M37)-3)),IF(MID(M37,4,1)=",",_xlfn.TEXTJOIN(".",FALSE,MID(M37,1,3),MID(M37,5,LEN(M37)-4)),IF(MID(M37,5,1)=",",_xlfn.TEXTJOIN(".",FALSE,MID(M37,1,4),MID(M37,6,LEN(M37)-5)),M37)))) -> 244.3205275 | ... BJ37: =IF(MID(AG37,2,1)=",",_xlfn.TEXTJOIN(".",FALSE,MID(AG37,1,1),MID(AG37,3,LEN(AG37)-2)),IF(MID(AG37,3,1)=",",_xlfn.TEXTJOIN(".",FALSE,MID(AG37,1,2),MID(AG37,4,LEN(AG37)-3)),IF(MID(AG37,4,1)=",",_xlfn.TEXTJOIN(".",FALSE,MID(AG37,1,3),MID(AG37,5,LEN(AG37)-4)),IF(MID(AG37,5,1)=",",_xlfn.TEXTJOIN(".",FALSE,MID(AG37,1,4),MID(AG37,6,LEN(AG37)-5)),AG37)))) -> 5.968203705
A38: 37 | B38: HK_UK_4-8 | C38: Schule, Kindertagesstätte und sonstiges Betreuungsgebäude | D38: Bildungszentrum | E38: 37 | F38: 6.9296856 | G38: 17.886887 | H38: 10.957201 | I38: 244.32053 | J38: 2367.1784 | K38: 442.60145 | L38: 12 | M38: 244.32053 | N38: 12 | O38: 274.87487 | P38: 0.68328328 | Q38: 0.96312312 | R38: 0.51839142 | S38: 1.5670671 | T38: 0.90802524 | U38: 1.0437932 | V38: 20.854855 | W38: 24.096096 | X38: 3.9399399 | Y38: 19.871872 | Z38: 26.096096 | AA38: 0.6006006 | AB38: 8.4471471 | AC38: 1.8268268 | AD38: 0.22195729 | AE38: 0.88264068 | AF38: 69.083416 | AG38: 5.9682037 | AI38: =IF(MID(F38,2,1)=",",_xlfn.TEXTJOIN(".",FALSE,MID(F38,1,1),MID(F38,3,LEN(F38)-2)),IF(MID(F38,3,1)=",",_xlfn.TEXTJOIN(".",FALSE,MID(F38,1,2),MID(F38,4,LEN(F38)-3)),IF(MID(F38,4,1)=",",_xlfn.TEXTJOIN(".",FALSE,MID(F38,1,3),MID(F38,5,LEN(F38)-4)),IF(MID(F38,5,1)=",",_xlfn.TEXTJOIN(".",FALSE,MID(F38,1,4),MID(F38,6,LEN(F38)-5)),F38)))) -> 6.92968555 | AJ38: =IF(MID(G38,2,1)=",",_xlfn.TEXTJOIN(".",FALSE,MID(G38,1,1),MID(G38,3,LEN(G38)-2)),IF(MID(G38,3,1)=",",_xlfn.TEXTJOIN(".",FALSE,MID(G38,1,2),MID(G38,4,LEN(G38)-3)),IF(MID(G38,4,1)=",",_xlfn.TEXTJOIN(".",FALSE,MID(G38,1,3),MID(G38,5,LEN(G38)-4)),IF(MID(G38,5,1)=",",_xlfn.TEXTJOIN(".",FALSE,MID(G38,1,4),MID(G38,6,LEN(G38)-5)),G38)))) -> 17.88688657 | AK38: =IF(MID(H38,2,1)=",",_xlfn.TEXTJOIN(".",FALSE,MID(H38,1,1),MID(H38,3,LEN(H38)-2)),IF(MID(H38,3,1)=",",_xlfn.TEXTJOIN(".",FALSE,MID(H38,1,2),MID(H38,4,LEN(H38)-3)),IF(MID(H38,4,1)=",",_xlfn.TEXTJOIN(".",FALSE,MID(H38,1,3),MID(H38,5,LEN(H38)-4)),IF(MID(H38,5,1)=",",_xlfn.TEXTJOIN(".",FALSE,MID(H38,1,4),MID(H38,6,LEN(H38)-5)),H38)))) -> 10.95720102 | AL38: =IF(MID(I38,2,1)=",",_xlfn.TEXTJOIN(".",FALSE,MID(I38,1,1),MID(I38,3,LEN(I38)-2)),IF(MID(I38,3,1)=",",_xlfn.TEXTJOIN(".",FALSE,MID(I38,1,2),MID(I38,4,LEN(I38)-3)),IF(MID(I38,4,1)=",",_xlfn.TEXTJOIN(".",FALSE,MID(I38,1,3),MID(I38,5,LEN(I38)-4)),IF(MID(I38,5,1)=",",_xlfn.TEXTJOIN(".",FALSE,MID(I38,1,4),MID(I38,6,LEN(I38)-5)),I38)))) -> 244.3205275 | AM38: =IF(MID(J38,2,1)=",",_xlfn.TEXTJOIN(".",FALSE,MID(J38,1,1),MID(J38,3,LEN(J38)-2)),IF(MID(J38,3,1)=",",_xlfn.TEXTJOIN(".",FALSE,MID(J38,1,2),MID(J38,4,LEN(J38)-3)),IF(MID(J38,4,1)=",",_xlfn.TEXTJOIN(".",FALSE,MID(J38,1,3),MID(J38,5,LEN(J38)-4)),IF(MID(J38,5,1)=",",_xlfn.TEXTJOIN(".",FALSE,MID(J38,1,4),MID(J38,6,LEN(J38)-5)),J38)))) -> 2367.178448 | AN38: =IF(MID(K38,2,1)=",",_xlfn.TEXTJOIN(".",FALSE,MID(K38,1,1),MID(K38,3,LEN(K38)-2)),IF(MID(K38,3,1)=",",_xlfn.TEXTJOIN(".",FALSE,MID(K38,1,2),MID(K38,4,LEN(K38)-3)),IF(MID(K38,4,1)=",",_xlfn.TEXTJOIN(".",FALSE,MID(K38,1,3),MID(K38,5,LEN(K38)-4)),IF(MID(K38,5,1)=",",_xlfn.TEXTJOIN(".",FALSE,MID(K38,1,4),MID(K38,6,LEN(K38)-5)),K38)))) -> 442.6014453 | AO38: =IF(MID(L38,2,1)=",",_xlfn.TEXTJOIN(".",FALSE,MID(L38,1,1),MID(L38,3,LEN(L38)-2)),IF(MID(L38,3,1)=",",_xlfn.TEXTJOIN(".",FALSE,MID(L38,1,2),MID(L38,4,LEN(L38)-3)),IF(MID(L38,4,1)=",",_xlfn.TEXTJOIN(".",FALSE,MID(L38,1,3),MID(L38,5,LEN(L38)-4)),IF(MID(L38,5,1)=",",_xlfn.TEXTJOIN(".",FALSE,MID(L38,1,4),MID(L38,6,LEN(L38)-5)),L38)))) -> 12 | AP38: =IF(MID(M38,2,1)=",",_xlfn.TEXTJOIN(".",FALSE,MID(M38,1,1),MID(M38,3,LEN(M38)-2)),IF(MID(M38,3,1)=",",_xlfn.TEXTJOIN(".",FALSE,MID(M38,1,2),MID(M38,4,LEN(M38)-3)),IF(MID(M38,4,1)=",",_xlfn.TEXTJOIN(".",FALSE,MID(M38,1,3),MID(M38,5,LEN(M38)-4)),IF(MID(M38,5,1)=",",_xlfn.TEXTJOIN(".",FALSE,MID(M38,1,4),MID(M38,6,LEN(M38)-5)),M38)))) -> 244.3205275 | ... BJ38: =IF(MID(AG38,2,1)=",",_xlfn.TEXTJOIN(".",FALSE,MID(AG38,1,1),MID(AG38,3,LEN(AG38)-2)),IF(MID(AG38,3,1)=",",_xlfn.TEXTJOIN(".",FALSE,MID(AG38,1,2),MID(AG38,4,LEN(AG38)-3)),IF(MID(AG38,4,1)=",",_xlfn.TEXTJOIN(".",FALSE,MID(AG38,1,3),MID(AG38,5,LEN(AG38)-4)),IF(MID(AG38,5,1)=",",_xlfn.TEXTJOIN(".",FALSE,MID(AG38,1,4),MID(AG38,6,LEN(AG38)-5)),AG38)))) -> 5.968203705
A39: 38 | B39: HK_UK_4-9 | C39: Schule, Kindertagesstätte und sonstiges Betreuungsgebäude | D39: Ausbildungsstätte | E39: 38 | F39: 6.9296856 | G39: 17.886887 | H39: 10.957201 | I39: 244.32053 | J39: 2367.1784 | K39: 442.60145 | L39: 12 | M39: 244.32053 | N39: 12 | O39: 274.87487 | P39: 0.68328328 | Q39: 0.96312312 | R39: 0.51839142 | S39: 1.5670671 | T39: 0.90802524 | U39: 1.0437932 | V39: 20.854855 | W39: 24.096096 | X39: 3.9399399 | Y39: 19.871872 | Z39: 26.096096 | AA39: 0.6006006 | AB39: 8.4471471 | AC39: 1.8268268 | AD39: 0.22195729 | AE39: 0.88264068 | AF39: 69.083416 | AG39: 5.9682037 | AI39: =IF(MID(F39,2,1)=",",_xlfn.TEXTJOIN(".",FALSE,MID(F39,1,1),MID(F39,3,LEN(F39)-2)),IF(MID(F39,3,1)=",",_xlfn.TEXTJOIN(".",FALSE,MID(F39,1,2),MID(F39,4,LEN(F39)-3)),IF(MID(F39,4,1)=",",_xlfn.TEXTJOIN(".",FALSE,MID(F39,1,3),MID(F39,5,LEN(F39)-4)),IF(MID(F39,5,1)=",",_xlfn.TEXTJOIN(".",FALSE,MID(F39,1,4),MID(F39,6,LEN(F39)-5)),F39)))) -> 6.92968555 | AJ39: =IF(MID(G39,2,1)=",",_xlfn.TEXTJOIN(".",FALSE,MID(G39,1,1),MID(G39,3,LEN(G39)-2)),IF(MID(G39,3,1)=",",_xlfn.TEXTJOIN(".",FALSE,MID(G39,1,2),MID(G39,4,LEN(G39)-3)),IF(MID(G39,4,1)=",",_xlfn.TEXTJOIN(".",FALSE,MID(G39,1,3),MID(G39,5,LEN(G39)-4)),IF(MID(G39,5,1)=",",_xlfn.TEXTJOIN(".",FALSE,MID(G39,1,4),MID(G39,6,LEN(G39)-5)),G39)))) -> 17.88688657 | AK39: =IF(MID(H39,2,1)=",",_xlfn.TEXTJOIN(".",FALSE,MID(H39,1,1),MID(H39,3,LEN(H39)-2)),IF(MID(H39,3,1)=",",_xlfn.TEXTJOIN(".",FALSE,MID(H39,1,2),MID(H39,4,LEN(H39)-3)),IF(MID(H39,4,1)=",",_xlfn.TEXTJOIN(".",FALSE,MID(H39,1,3),MID(H39,5,LEN(H39)-4)),IF(MID(H39,5,1)=",",_xlfn.TEXTJOIN(".",FALSE,MID(H39,1,4),MID(H39,6,LEN(H39)-5)),H39)))) -> 10.95720102 | AL39: =IF(MID(I39,2,1)=",",_xlfn.TEXTJOIN(".",FALSE,MID(I39,1,1),MID(I39,3,LEN(I39)-2)),IF(MID(I39,3,1)=",",_xlfn.TEXTJOIN(".",FALSE,MID(I39,1,2),MID(I39,4,LEN(I39)-3)),IF(MID(I39,4,1)=",",_xlfn.TEXTJOIN(".",FALSE,MID(I39,1,3),MID(I39,5,LEN(I39)-4)),IF(MID(I39,5,1)=",",_xlfn.TEXTJOIN(".",FALSE,MID(I39,1,4),MID(I39,6,LEN(I39)-5)),I39)))) -> 244.3205275 | AM39: =IF(MID(J39,2,1)=",",_xlfn.TEXTJOIN(".",FALSE,MID(J39,1,1),MID(J39,3,LEN(J39)-2)),IF(MID(J39,3,1)=",",_xlfn.TEXTJOIN(".",FALSE,MID(J39,1,2),MID(J39,4,LEN(J39)-3)),IF(MID(J39,4,1)=",",_xlfn.TEXTJOIN(".",FALSE,MID(J39,1,3),MID(J39,5,LEN(J39)-4)),IF(MID(J39,5,1)=",",_xlfn.TEXTJOIN(".",FALSE,MID(J39,1,4),MID(J39,6,LEN(J39)-5)),J39)))) -> 2367.178448 | AN39: =IF(MID(K39,2,1)=",",_xlfn.TEXTJOIN(".",FALSE,MID(K39,1,1),MID(K39,3,LEN(K39)-2)),IF(MID(K39,3,1)=",",_xlfn.TEXTJOIN(".",FALSE,MID(K39,1,2),MID(K39,4,LEN(K39)-3)),IF(MID(K39,4,1)=",",_xlfn.TEXTJOIN(".",FALSE,MID(K39,1,3),MID(K39,5,LEN(K39)-4)),IF(MID(K39,5,1)=",",_xlfn.TEXTJOIN(".",FALSE,MID(K39,1,4),MID(K39,6,LEN(K39)-5)),K39)))) -> 442.6014453 | AO39: =IF(MID(L39,2,1)=",",_xlfn.TEXTJOIN(".",FALSE,MID(L39,1,1),MID(L39,3,LEN(L39)-2)),IF(MID(L39,3,1)=",",_xlfn.TEXTJOIN(".",FALSE,MID(L39,1,2),MID(L39,4,LEN(L39)-3)),IF(MID(L39,4,1)=",",_xlfn.TEXTJOIN(".",FALSE,MID(L39,1,3),MID(L39,5,LEN(L39)-4)),IF(MID(L39,5,1)=",",_xlfn.TEXTJOIN(".",FALSE,MID(L39,1,4),MID(L39,6,LEN(L39)-5)),L39)))) -> 12 | AP39: =IF(MID(M39,2,1)=",",_xlfn.TEXTJOIN(".",FALSE,MID(M39,1,1),MID(M39,3,LEN(M39)-2)),IF(MID(M39,3,1)=",",_xlfn.TEXTJOIN(".",FALSE,MID(M39,1,2),MID(M39,4,LEN(M39)-3)),IF(MID(M39,4,1)=",",_xlfn.TEXTJOIN(".",FALSE,MID(M39,1,3),MID(M39,5,LEN(M39)-4)),IF(MID(M39,5,1)=",",_xlfn.TEXTJOIN(".",FALSE,MID(M39,1,4),MID(M39,6,LEN(M39)-5)),M39)))) -> 244.3205275 | ... BJ39: =IF(MID(AG39,2,1)=",",_xlfn.TEXTJOIN(".",FALSE,MID(AG39,1,1),MID(AG39,3,LEN(AG39)-2)),IF(MID(AG39,3,1)=",",_xlfn.TEXTJOIN(".",FALSE,MID(AG39,1,2),MID(AG39,4,LEN(AG39)-3)),IF(MID(AG39,4,1)=",",_xlfn.TEXTJOIN(".",FALSE,MID(AG39,1,3),MID(AG39,5,LEN(AG39)-4)),IF(MID(AG39,5,1)=",",_xlfn.TEXTJOIN(".",FALSE,MID(AG39,1,4),MID(AG39,6,LEN(AG39)-5)),AG39)))) -> 5.968203705
A40: 39 | B40: HK_UK_4-10 | C40: Schule, Kindertagesstätte und sonstiges Betreuungsgebäude | D40: Volkshochschule | E40: 39 | F40: 6.3968528 | G40: 17.013623 | H40: 10.61677 | I40: 255.07838 | J40: 2241.4668 | K40: 496.81191 | L40: 13.255089 | M40: 255.07838 | N40: 13.255089 | O40: 277.27728 | P40: 0.71531532 | Q40: 0.96315315 | R40: 0.57482715 | S40: 1.4028028 | T40: 0.88978225 | U40: 1.0790387 | V40: 21.002002 | W40: 24 | X40: 3.7757758 | Y40: 20 | Z40: 26 | AA40: 0.63463463 | AB40: 7.7433433 | AC40: 1.8333333 | AD40: 0.28718376 | AE40: 0.8139176 | AF40: 68.536745 | AG40: 3.5573449 | AI40: =IF(MID(F40,2,1)=",",_xlfn.TEXTJOIN(".",FALSE,MID(F40,1,1),MID(F40,3,LEN(F40)-2)),IF(MID(F40,3,1)=",",_xlfn.TEXTJOIN(".",FALSE,MID(F40,1,2),MID(F40,4,LEN(F40)-3)),IF(MID(F40,4,1)=",",_xlfn.TEXTJOIN(".",FALSE,MID(F40,1,3),MID(F40,5,LEN(F40)-4)),IF(MID(F40,5,1)=",",_xlfn.TEXTJOIN(".",FALSE,MID(F40,1,4),MID(F40,6,LEN(F40)-5)),F40)))) -> 6.396852802 | AJ40: =IF(MID(G40,2,1)=",",_xlfn.TEXTJOIN(".",FALSE,MID(G40,1,1),MID(G40,3,LEN(G40)-2)),IF(MID(G40,3,1)=",",_xlfn.TEXTJOIN(".",FALSE,MID(G40,1,2),MID(G40,4,LEN(G40)-3)),IF(MID(G40,4,1)=",",_xlfn.TEXTJOIN(".",FALSE,MID(G40,1,3),MID(G40,5,LEN(G40)-4)),IF(MID(G40,5,1)=",",_xlfn.TEXTJOIN(".",FALSE,MID(G40,1,4),MID(G40,6,LEN(G40)-5)),G40)))) -> 17.01362314 | AK40: =IF(MID(H40,2,1)=",",_xlfn.TEXTJOIN(".",FALSE,MID(H40,1,1),MID(H40,3,LEN(H40)-2)),IF(MID(H40,3,1)=",",_xlfn.TEXTJOIN(".",FALSE,MID(H40,1,2),MID(H40,4,LEN(H40)-3)),IF(MID(H40,4,1)=",",_xlfn.TEXTJOIN(".",FALSE,MID(H40,1,3),MID(H40,5,LEN(H40)-4)),IF(MID(H40,5,1)=",",_xlfn.TEXTJOIN(".",FALSE,MID(H40,1,4),MID(H40,6,LEN(H40)-5)),H40)))) -> 10.61677034 | AL40: =IF(MID(I40,2,1)=",",_xlfn.TEXTJOIN(".",FALSE,MID(I40,1,1),MID(I40,3,LEN(I40)-2)),IF(MID(I40,3,1)=",",_xlfn.TEXTJOIN(".",FALSE,MID(I40,1,2),MID(I40,4,LEN(I40)-3)),IF(MID(I40,4,1)=",",_xlfn.TEXTJOIN(".",FALSE,MID(I40,1,3),MID(I40,5,LEN(I40)-4)),IF(MID(I40,5,1)=",",_xlfn.TEXTJOIN(".",FALSE,MID(I40,1,4),MID(I40,6,LEN(I40)-5)),I40)))) -> 255.0783843 | AM40: =IF(MID(J40,2,1)=",",_xlfn.TEXTJOIN(".",FALSE,MID(J40,1,1),MID(J40,3,LEN(J40)-2)),IF(MID(J40,3,1)=",",_xlfn.TEXTJOIN(".",FALSE,MID(J40,1,2),MID(J40,4,LEN(J40)-3)),IF(MID(J40,4,1)=",",_xlfn.TEXTJOIN(".",FALSE,MID(J40,1,3),MID(J40,5,LEN(J40)-4)),IF(MID(J40,5,1)=",",_xlfn.TEXTJOIN(".",FALSE,MID(J40,1,4),MID(J40,6,LEN(J40)-5)),J40)))) -> 2241.466766 | AN40: =IF(MID(K40,2,1)=",",_xlfn.TEXTJOIN(".",FALSE,MID(K40,1,1),MID(K40,3,LEN(K40)-2)),IF(MID(K40,3,1)=",",_xlfn.TEXTJOIN(".",FALSE,MID(K40,1,2),MID(K40,4,LEN(K40)-3)),IF(MID(K40,4,1)=",",_xlfn.TEXTJOIN(".",FALSE,MID(K40,1,3),MID(K40,5,LEN(K40)-4)),IF(MID(K40,5,1)=",",_xlfn.TEXTJOIN(".",FALSE,MID(K40,1,4),MID(K40,6,LEN(K40)-5)),K40)))) -> 496.8119132 | AO40: =IF(MID(L40,2,1)=",",_xlfn.TEXTJOIN(".",FALSE,MID(L40,1,1),MID(L40,3,LEN(L40)-2)),IF(MID(L40,3,1)=",",_xlfn.TEXTJOIN(".",FALSE,MID(L40,1,2),MID(L40,4,LEN(L40)-3)),IF(MID(L40,4,1)=",",_xlfn.TEXTJOIN(".",FALSE,MID(L40,1,3),MID(L40,5,LEN(L40)-4)),IF(MID(L40,5,1)=",",_xlfn.TEXTJOIN(".",FALSE,MID(L40,1,4),MID(L40,6,LEN(L40)-5)),L40)))) -> 13.25508869 | AP40: =IF(MID(M40,2,1)=",",_xlfn.TEXTJOIN(".",FALSE,MID(M40,1,1),MID(M40,3,LEN(M40)-2)),IF(MID(M40,3,1)=",",_xlfn.TEXTJOIN(".",FALSE,MID(M40,1,2),MID(M40,4,LEN(M40)-3)),IF(MID(M40,4,1)=",",_xlfn.TEXTJOIN(".",FALSE,MID(M40,1,3),MID(M40,5,LEN(M40)-4)),IF(MID(M40,5,1)=",",_xlfn.TEXTJOIN(".",FALSE,MID(M40,1,4),MID(M40,6,LEN(M40)-5)),M40)))) -> 255.0783843 | ... BJ40: =IF(MID(AG40,2,1)=",",_xlfn.TEXTJOIN(".",FALSE,MID(AG40,1,1),MID(AG40,3,LEN(AG40)-2)),IF(MID(AG40,3,1)=",",_xlfn.TEXTJOIN(".",FALSE,MID(AG40,1,2),MID(AG40,4,LEN(AG40)-3)),IF(MID(AG40,4,1)=",",_xlfn.TEXTJOIN(".",FALSE,MID(AG40,1,3),MID(AG40,5,LEN(AG40)-4)),IF(MID(AG40,5,1)=",",_xlfn.TEXTJOIN(".",FALSE,MID(AG40,1,4),MID(AG40,6,LEN(AG40)-5)),AG40)))) -> 3.557344887
A41: 40 | B41: HK_UK_4-11 | C41: Schule, Kindertagesstätte und sonstiges Betreuungsgebäude | D41: KiTa | E41: 40 | F41: 7.3860773 | G41: 17.440913 | H41: 10.054836 | I41: 239.03943 | J41: 2227.0649 | K41: 234.40472 | L41: 11.543717 | M41: 239.03943 | N41: 11.543717 | O41: 242.1663 | P41: 0.69887003 | Q41: 0.97405798 | R41: 0.57890412 | S41: 1.5145697 | T41: 0.95672293 | U41: 1.0654461 | V41: 20.99331 | W41: 24 | X41: 3.9937492 | Y41: 20 | Z41: 26 | AA41: 0.61331865 | AB41: 8.0333214 | AC41: 1.9226162 | AD41: 0.23767939 | AE41: 0.92496124 | AF41: 66.779211 | AG41: 6.481584 | AI41: =IF(MID(F41,2,1)=",",_xlfn.TEXTJOIN(".",FALSE,MID(F41,1,1),MID(F41,3,LEN(F41)-2)),IF(MID(F41,3,1)=",",_xlfn.TEXTJOIN(".",FALSE,MID(F41,1,2),MID(F41,4,LEN(F41)-3)),IF(MID(F41,4,1)=",",_xlfn.TEXTJOIN(".",FALSE,MID(F41,1,3),MID(F41,5,LEN(F41)-4)),IF(MID(F41,5,1)=",",_xlfn.TEXTJOIN(".",FALSE,MID(F41,1,4),MID(F41,6,LEN(F41)-5)),F41)))) -> 7.386077325 | AJ41: =IF(MID(G41,2,1)=",",_xlfn.TEXTJOIN(".",FALSE,MID(G41,1,1),MID(G41,3,LEN(G41)-2)),IF(MID(G41,3,1)=",",_xlfn.TEXTJOIN(".",FALSE,MID(G41,1,2),MID(G41,4,LEN(G41)-3)),IF(MID(G41,4,1)=",",_xlfn.TEXTJOIN(".",FALSE,MID(G41,1,3),MID(G41,5,LEN(G41)-4)),IF(MID(G41,5,1)=",",_xlfn.TEXTJOIN(".",FALSE,MID(G41,1,4),MID(G41,6,LEN(G41)-5)),G41)))) -> 17.44091326 | AK41: =IF(MID(H41,2,1)=",",_xlfn.TEXTJOIN(".",FALSE,MID(H41,1,1),MID(H41,3,LEN(H41)-2)),IF(MID(H41,3,1)=",",_xlfn.TEXTJOIN(".",FALSE,MID(H41,1,2),MID(H41,4,LEN(H41)-3)),IF(MID(H41,4,1)=",",_xlfn.TEXTJOIN(".",FALSE,MID(H41,1,3),MID(H41,5,LEN(H41)-4)),IF(MID(H41,5,1)=",",_xlfn.TEXTJOIN(".",FALSE,MID(H41,1,4),MID(H41,6,LEN(H41)-5)),H41)))) -> 10.05483593 | AL41: =IF(MID(I41,2,1)=",",_xlfn.TEXTJOIN(".",FALSE,MID(I41,1,1),MID(I41,3,LEN(I41)-2)),IF(MID(I41,3,1)=",",_xlfn.TEXTJOIN(".",FALSE,MID(I41,1,2),MID(I41,4,LEN(I41)-3)),IF(MID(I41,4,1)=",",_xlfn.TEXTJOIN(".",FALSE,MID(I41,1,3),MID(I41,5,LEN(I41)-4)),IF(MID(I41,5,1)=",",_xlfn.TEXTJOIN(".",FALSE,MID(I41,1,4),MID(I41,6,LEN(I41)-5)),I41)))) -> 239.0394268 | AM41: =IF(MID(J41,2,1)=",",_xlfn.TEXTJOIN(".",FALSE,MID(J41,1,1),MID(J41,3,LEN(J41)-2)),IF(MID(J41,3,1)=",",_xlfn.TEXTJOIN(".",FALSE,MID(J41,1,2),MID(J41,4,LEN(J41)-3)),IF(MID(J41,4,1)=",",_xlfn.TEXTJOIN(".",FALSE,MID(J41,1,3),MID(J41,5,LEN(J41)-4)),IF(MID(J41,5,1)=",",_xlfn.TEXTJOIN(".",FALSE,MID(J41,1,4),MID(J41,6,LEN(J41)-5)),J41)))) -> 2227.064948 | AN41: =IF(MID(K41,2,1)=",",_xlfn.TEXTJOIN(".",FALSE,MID(K41,1,1),MID(K41,3,LEN(K41)-2)),IF(MID(K41,3,1)=",",_xlfn.TEXTJOIN(".",FALSE,MID(K41,1,2),MID(K41,4,LEN(K41)-3)),IF(MID(K41,4,1)=",",_xlfn.TEXTJOIN(".",FALSE,MID(K41,1,3),MID(K41,5,LEN(K41)-4)),IF(MID(K41,5,1)=",",_xlfn.TEXTJOIN(".",FALSE,MID(K41,1,4),MID(K41,6,LEN(K41)-5)),K41)))) -> 234.4047247 | AO41: =IF(MID(L41,2,1)=",",_xlfn.TEXTJOIN(".",FALSE,MID(L41,1,1),MID(L41,3,LEN(L41)-2)),IF(MID(L41,3,1)=",",_xlfn.TEXTJOIN(".",FALSE,MID(L41,1,2),MID(L41,4,LEN(L41)-3)),IF(MID(L41,4,1)=",",_xlfn.TEXTJOIN(".",FALSE,MID(L41,1,3),MID(L41,5,LEN(L41)-4)),IF(MID(L41,5,1)=",",_xlfn.TEXTJOIN(".",FALSE,MID(L41,1,4),MID(L41,6,LEN(L41)-5)),L41)))) -> 11.54371701 | AP41: =IF(MID(M41,2,1)=",",_xlfn.TEXTJOIN(".",FALSE,MID(M41,1,1),MID(M41,3,LEN(M41)-2)),IF(MID(M41,3,1)=",",_xlfn.TEXTJOIN(".",FALSE,MID(M41,1,2),MID(M41,4,LEN(M41)-3)),IF(MID(M41,4,1)=",",_xlfn.TEXTJOIN(".",FALSE,MID(M41,1,3),MID(M41,5,LEN(M41)-4)),IF(MID(M41,5,1)=",",_xlfn.TEXTJOIN(".",FALSE,MID(M41,1,4),MID(M41,6,LEN(M41)-5)),M41)))) -> 239.0394268 | ... BJ41: =IF(MID(AG41,2,1)=",",_xlfn.TEXTJOIN(".",FALSE,MID(AG41,1,1),MID(AG41,3,LEN(AG41)-2)),IF(MID(AG41,3,1)=",",_xlfn.TEXTJOIN(".",FALSE,MID(AG41,1,2),MID(AG41,4,LEN(AG41)-3)),IF(MID(AG41,4,1)=",",_xlfn.TEXTJOIN(".",FALSE,MID(AG41,1,3),MID(AG41,5,LEN(AG41)-4)),IF(MID(AG41,5,1)=",",_xlfn.TEXTJOIN(".",FALSE,MID(AG41,1,4),MID(AG41,6,LEN(AG41)-5)),AG41)))) -> 6.481584022
A42: 41 | B42: HK_UK_4-12 | C42: Schule, Kindertagesstätte und sonstiges Betreuungsgebäude | D42: KiTa mit Küche | E42: 41 | F42: 7.3860773 | G42: 17.440913 | H42: 10.054836 | I42: 239.03943 | J42: 2227.0649 | K42: 234.40472 | L42: 11.543717 | M42: 239.03943 | N42: 11.543717 | O42: 242.1663 | P42: 0.69887003 | Q42: 0.97405798 | R42: 0.57890412 | S42: 1.5145697 | T42: 0.95672293 | U42: 1.0654461 | V42: 20.99331 | W42: 24 | X42: 3.9937492 | Y42: 20 | Z42: 26 | AA42: 0.61331865 | AB42: 8.0333214 | AC42: 1.9226162 | AD42: 0.23767939 | AE42: 0.92496124 | AF42: 66.779211 | AG42: 6.481584 | AI42: =IF(MID(F42,2,1)=",",_xlfn.TEXTJOIN(".",FALSE,MID(F42,1,1),MID(F42,3,LEN(F42)-2)),IF(MID(F42,3,1)=",",_xlfn.TEXTJOIN(".",FALSE,MID(F42,1,2),MID(F42,4,LEN(F42)-3)),IF(MID(F42,4,1)=",",_xlfn.TEXTJOIN(".",FALSE,MID(F42,1,3),MID(F42,5,LEN(F42)-4)),IF(MID(F42,5,1)=",",_xlfn.TEXTJOIN(".",FALSE,MID(F42,1,4),MID(F42,6,LEN(F42)-5)),F42)))) -> 7.386077325 | AJ42: =IF(MID(G42,2,1)=",",_xlfn.TEXTJOIN(".",FALSE,MID(G42,1,1),MID(G42,3,LEN(G42)-2)),IF(MID(G42,3,1)=",",_xlfn.TEXTJOIN(".",FALSE,MID(G42,1,2),MID(G42,4,LEN(G42)-3)),IF(MID(G42,4,1)=",",_xlfn.TEXTJOIN(".",FALSE,MID(G42,1,3),MID(G42,5,LEN(G42)-4)),IF(MID(G42,5,1)=",",_xlfn.TEXTJOIN(".",FALSE,MID(G42,1,4),MID(G42,6,LEN(G42)-5)),G42)))) -> 17.44091326 | AK42: =IF(MID(H42,2,1)=",",_xlfn.TEXTJOIN(".",FALSE,MID(H42,1,1),MID(H42,3,LEN(H42)-2)),IF(MID(H42,3,1)=",",_xlfn.TEXTJOIN(".",FALSE,MID(H42,1,2),MID(H42,4,LEN(H42)-3)),IF(MID(H42,4,1)=",",_xlfn.TEXTJOIN(".",FALSE,MID(H42,1,3),MID(H42,5,LEN(H42)-4)),IF(MID(H42,5,1)=",",_xlfn.TEXTJOIN(".",FALSE,MID(H42,1,4),MID(H42,6,LEN(H42)-5)),H42)))) -> 10.05483593 | AL42: =IF(MID(I42,2,1)=",",_xlfn.TEXTJOIN(".",FALSE,MID(I42,1,1),MID(I42,3,LEN(I42)-2)),IF(MID(I42,3,1)=",",_xlfn.TEXTJOIN(".",FALSE,MID(I42,1,2),MID(I42,4,LEN(I42)-3)),IF(MID(I42,4,1)=",",_xlfn.TEXTJOIN(".",FALSE,MID(I42,1,3),MID(I42,5,LEN(I42)-4)),IF(MID(I42,5,1)=",",_xlfn.TEXTJOIN(".",FALSE,MID(I42,1,4),MID(I42,6,LEN(I42)-5)),I42)))) -> 239.0394268 | AM42: =IF(MID(J42,2,1)=",",_xlfn.TEXTJOIN(".",FALSE,MID(J42,1,1),MID(J42,3,LEN(J42)-2)),IF(MID(J42,3,1)=",",_xlfn.TEXTJOIN(".",FALSE,MID(J42,1,2),MID(J42,4,LEN(J42)-3)),IF(MID(J42,4,1)=",",_xlfn.TEXTJOIN(".",FALSE,MID(J42,1,3),MID(J42,5,LEN(J42)-4)),IF(MID(J42,5,1)=",",_xlfn.TEXTJOIN(".",FALSE,MID(J42,1,4),MID(J42,6,LEN(J42)-5)),J42)))) -> 2227.064948 | AN42: =IF(MID(K42,2,1)=",",_xlfn.TEXTJOIN(".",FALSE,MID(K42,1,1),MID(K42,3,LEN(K42)-2)),IF(MID(K42,3,1)=",",_xlfn.TEXTJOIN(".",FALSE,MID(K42,1,2),MID(K42,4,LEN(K42)-3)),IF(MID(K42,4,1)=",",_xlfn.TEXTJOIN(".",FALSE,MID(K42,1,3),MID(K42,5,LEN(K42)-4)),IF(MID(K42,5,1)=",",_xlfn.TEXTJOIN(".",FALSE,MID(K42,1,4),MID(K42,6,LEN(K42)-5)),K42)))) -> 234.4047247 | AO42: =IF(MID(L42,2,1)=",",_xlfn.TEXTJOIN(".",FALSE,MID(L42,1,1),MID(L42,3,LEN(L42)-2)),IF(MID(L42,3,1)=",",_xlfn.TEXTJOIN(".",FALSE,MID(L42,1,2),MID(L42,4,LEN(L42)-3)),IF(MID(L42,4,1)=",",_xlfn.TEXTJOIN(".",FALSE,MID(L42,1,3),MID(L42,5,LEN(L42)-4)),IF(MID(L42,5,1)=",",_xlfn.TEXTJOIN(".",FALSE,MID(L42,1,4),MID(L42,6,LEN(L42)-5)),L42)))) -> 11.54371701 | AP42: =IF(MID(M42,2,1)=",",_xlfn.TEXTJOIN(".",FALSE,MID(M42,1,1),MID(M42,3,LEN(M42)-2)),IF(MID(M42,3,1)=",",_xlfn.TEXTJOIN(".",FALSE,MID(M42,1,2),MID(M42,4,LEN(M42)-3)),IF(MID(M42,4,1)=",",_xlfn.TEXTJOIN(".",FALSE,MID(M42,1,3),MID(M42,5,LEN(M42)-4)),IF(MID(M42,5,1)=",",_xlfn.TEXTJOIN(".",FALSE,MID(M42,1,4),MID(M42,6,LEN(M42)-5)),M42)))) -> 239.0394268 | ... BJ42: =IF(MID(AG42,2,1)=",",_xlfn.TEXTJOIN(".",FALSE,MID(AG42,1,1),MID(AG42,3,LEN(AG42)-2)),IF(MID(AG42,3,1)=",",_xlfn.TEXTJOIN(".",FALSE,MID(AG42,1,2),MID(AG42,4,LEN(AG42)-3)),IF(MID(AG42,4,1)=",",_xlfn.TEXTJOIN(".",FALSE,MID(AG42,1,3),MID(AG42,5,LEN(AG42)-4)),IF(MID(AG42,5,1)=",",_xlfn.TEXTJOIN(".",FALSE,MID(AG42,1,4),MID(AG42,6,LEN(AG42)-5)),AG42)))) -> 6.481584022
... A45: 44 | B45: HK_UK_4-15 | C45: Schule, Kindertagesstätte und sonstiges Betreuungsgebäude | D45: Jugendzentrum | E45: 44 | F45: 7.7424776 | G45: 18.857649 | H45: 11.115172 | I45: 253.51729 | J45: 2424.6555 | K45: 414.89312 | L45: 12.742834 | M45: 253.51729 | N45: 12.598901 | O45: 280.62814 | P45: 0.72603015 | Q45: 0.95890452 | R45: 0.5482574 | S45: 1.6629146 | T45: 0.98470352 | U45: 1.0919004 | V45: 20.969849 | W45: 24 | X45: 3.9919598 | Y45: 19.99799 | Z45: 26 | AA45: 0.65125628 | AB45: 11.66206 | AC45: 2.1231156 | AD45: 0.34291484 | AE45: 0.84303731 | AF45: 71.85643 | AG45: 9.5634914 | AI45: =IF(MID(F45,2,1)=",",_xlfn.TEXTJOIN(".",FALSE,MID(F45,1,1),MID(F45,3,LEN(F45)-2)),IF(MID(F45,3,1)=",",_xlfn.TEXTJOIN(".",FALSE,MID(F45,1,2),MID(F45,4,LEN(F45)-3)),IF(MID(F45,4,1)=",",_xlfn.TEXTJOIN(".",FALSE,MID(F45,1,3),MID(F45,5,LEN(F45)-4)),IF(MID(F45,5,1)=",",_xlfn.TEXTJOIN(".",FALSE,MID(F45,1,4),MID(F45,6,LEN(F45)-5)),F45)))) -> 7.742477552 | AJ45: =IF(MID(G45,2,1)=",",_xlfn.TEXTJOIN(".",FALSE,MID(G45,1,1),MID(G45,3,LEN(G45)-2)),IF(MID(G45,3,1)=",",_xlfn.TEXTJOIN(".",FALSE,MID(G45,1,2),MID(G45,4,LEN(G45)-3)),IF(MID(G45,4,1)=",",_xlfn.TEXTJOIN(".",FALSE,MID(G45,1,3),MID(G45,5,LEN(G45)-4)),IF(MID(G45,5,1)=",",_xlfn.TEXTJOIN(".",FALSE,MID(G45,1,4),MID(G45,6,LEN(G45)-5)),G45)))) -> 18.85764929 | AK45: =IF(MID(H45,2,1)=",",_xlfn.TEXTJOIN(".",FALSE,MID(H45,1,1),MID(H45,3,LEN(H45)-2)),IF(MID(H45,3,1)=",",_xlfn.TEXTJOIN(".",FALSE,MID(H45,1,2),MID(H45,4,LEN(H45)-3)),IF(MID(H45,4,1)=",",_xlfn.TEXTJOIN(".",FALSE,MID(H45,1,3),MID(H45,5,LEN(H45)-4)),IF(MID(H45,5,1)=",",_xlfn.TEXTJOIN(".",FALSE,MID(H45,1,4),MID(H45,6,LEN(H45)-5)),H45)))) -> 11.11517173 | AL45: =IF(MID(I45,2,1)=",",_xlfn.TEXTJOIN(".",FALSE,MID(I45,1,1),MID(I45,3,LEN(I45)-2)),IF(MID(I45,3,1)=",",_xlfn.TEXTJOIN(".",FALSE,MID(I45,1,2),MID(I45,4,LEN(I45)-3)),IF(MID(I45,4,1)=",",_xlfn.TEXTJOIN(".",FALSE,MID(I45,1,3),MID(I45,5,LEN(I45)-4)),IF(MID(I45,5,1)=",",_xlfn.TEXTJOIN(".",FALSE,MID(I45,1,4),MID(I45,6,LEN(I45)-5)),I45)))) -> 253.5172892 | AM45: =IF(MID(J45,2,1)=",",_xlfn.TEXTJOIN(".",FALSE,MID(J45,1,1),MID(J45,3,LEN(J45)-2)),IF(MID(J45,3,1)=",",_xlfn.TEXTJOIN(".",FALSE,MID(J45,1,2),MID(J45,4,LEN(J45)-3)),IF(MID(J45,4,1)=",",_xlfn.TEXTJOIN(".",FALSE,MID(J45,1,3),MID(J45,5,LEN(J45)-4)),IF(MID(J45,5,1)=",",_xlfn.TEXTJOIN(".",FALSE,MID(J45,1,4),MID(J45,6,LEN(J45)-5)),J45)))) -> 2424.655476 | AN45: =IF(MID(K45,2,1)=",",_xlfn.TEXTJOIN(".",FALSE,MID(K45,1,1),MID(K45,3,LEN(K45)-2)),IF(MID(K45,3,1)=",",_xlfn.TEXTJOIN(".",FALSE,MID(K45,1,2),MID(K45,4,LEN(K45)-3)),IF(MID(K45,4,1)=",",_xlfn.TEXTJOIN(".",FALSE,MID(K45,1,3),MID(K45,5,LEN(K45)-4)),IF(MID(K45,5,1)=",",_xlfn.TEXTJOIN(".",FALSE,MID(K45,1,4),MID(K45,6,LEN(K45)-5)),K45)))) -> 414.8931202 | AO45: =IF(MID(L45,2,1)=",",_xlfn.TEXTJOIN(".",FALSE,MID(L45,1,1),MID(L45,3,LEN(L45)-2)),IF(MID(L45,3,1)=",",_xlfn.TEXTJOIN(".",FALSE,MID(L45,1,2),MID(L45,4,LEN(L45)-3)),IF(MID(L45,4,1)=",",_xlfn.TEXTJOIN(".",FALSE,MID(L45,1,3),MID(L45,5,LEN(L45)-4)),IF(MID(L45,5,1)=",",_xlfn.TEXTJOIN(".",FALSE,MID(L45,1,4),MID(L45,6,LEN(L45)-5)),L45)))) -> 12.74283356 | AP45: =IF(MID(M45,2,1)=",",_xlfn.TEXTJOIN(".",FALSE,MID(M45,1,1),MID(M45,3,LEN(M45)-2)),IF(MID(M45,3,1)=",",_xlfn.TEXTJOIN(".",FALSE,MID(M45,1,2),MID(M45,4,LEN(M45)-3)),IF(MID(M45,4,1)=",",_xlfn.TEXTJOIN(".",FALSE,MID(M45,1,3),MID(M45,5,LEN(M45)-4)),IF(MID(M45,5,1)=",",_xlfn.TEXTJOIN(".",FALSE,MID(M45,1,4),MID(M45,6,LEN(M45)-5)),M45)))) -> 253.5172892 | ... BJ45: =IF(MID(AG45,2,1)=",",_xlfn.TEXTJOIN(".",FALSE,MID(AG45,1,1),MID(AG45,3,LEN(AG45)-2)),IF(MID(AG45,3,1)=",",_xlfn.TEXTJOIN(".",FALSE,MID(AG45,1,2),MID(AG45,4,LEN(AG45)-3)),IF(MID(AG45,4,1)=",",_xlfn.TEXTJOIN(".",FALSE,MID(AG45,1,3),MID(AG45,5,LEN(AG45)-4)),IF(MID(AG45,5,1)=",",_xlfn.TEXTJOIN(".",FALSE,MID(AG45,1,4),MID(AG45,6,LEN(AG45)-5)),AG45)))) -> 9.563491424
A46: 45 | B46: HK_UK_5-0 | C46: Gebäude für Kultur und Freizeit | E46: 45 | F46: 8.0865656 | G46: 18.792599 | H46: 10.706033 | I46: 255.53029 | J46: 2375.8002 | K46: 375.87512 | L46: 13.754355 | M46: 265.52615 | N46: 13.698655 | O46: 265.33742 | P46: 0.68977505 | Q46: 0.95356851 | R46: 0.50654256 | S46: 1.6957566 | T46: 0.9706149 | U46: 1.1743792 | V46: 20.97137 | W46: 24 | X46: 4 | Y46: 19.985685 | Z46: 26 | AA46: 0.74948875 | AB46: 8.6167178 | AC46: 1.9230573 | AD46: 0.30197684 | AE46: 0.89447337 | AF46: 70.963502 | AG46: 5.2434578 | AI46: =IF(MID(F46,2,1)=",",_xlfn.TEXTJOIN(".",FALSE,MID(F46,1,1),MID(F46,3,LEN(F46)-2)),IF(MID(F46,3,1)=",",_xlfn.TEXTJOIN(".",FALSE,MID(F46,1,2),MID(F46,4,LEN(F46)-3)),IF(MID(F46,4,1)=",",_xlfn.TEXTJOIN(".",FALSE,MID(F46,1,3),MID(F46,5,LEN(F46)-4)),IF(MID(F46,5,1)=",",_xlfn.TEXTJOIN(".",FALSE,MID(F46,1,4),MID(F46,6,LEN(F46)-5)),F46)))) -> 8.086565605 | AJ46: =IF(MID(G46,2,1)=",",_xlfn.TEXTJOIN(".",FALSE,MID(G46,1,1),MID(G46,3,LEN(G46)-2)),IF(MID(G46,3,1)=",",_xlfn.TEXTJOIN(".",FALSE,MID(G46,1,2),MID(G46,4,LEN(G46)-3)),IF(MID(G46,4,1)=",",_xlfn.TEXTJOIN(".",FALSE,MID(G46,1,3),MID(G46,5,LEN(G46)-4)),IF(MID(G46,5,1)=",",_xlfn.TEXTJOIN(".",FALSE,MID(G46,1,4),MID(G46,6,LEN(G46)-5)),G46)))) -> 18.792599 | AK46: =IF(MID(H46,2,1)=",",_xlfn.TEXTJOIN(".",FALSE,MID(H46,1,1),MID(H46,3,LEN(H46)-2)),IF(MID(H46,3,1)=",",_xlfn.TEXTJOIN(".",FALSE,MID(H46,1,2),MID(H46,4,LEN(H46)-3)),IF(MID(H46,4,1)=",",_xlfn.TEXTJOIN(".",FALSE,MID(H46,1,3),MID(H46,5,LEN(H46)-4)),IF(MID(H46,5,1)=",",_xlfn.TEXTJOIN(".",FALSE,MID(H46,1,4),MID(H46,6,LEN(H46)-5)),H46)))) -> 10.7060334 | AL46: =IF(MID(I46,2,1)=",",_xlfn.TEXTJOIN(".",FALSE,MID(I46,1,1),MID(I46,3,LEN(I46)-2)),IF(MID(I46,3,1)=",",_xlfn.TEXTJOIN(".",FALSE,MID(I46,1,2),MID(I46,4,LEN(I46)-3)),IF(MID(I46,4,1)=",",_xlfn.TEXTJOIN(".",FALSE,MID(I46,1,3),MID(I46,5,LEN(I46)-4)),IF(MID(I46,5,1)=",",_xlfn.TEXTJOIN(".",FALSE,MID(I46,1,4),MID(I46,6,LEN(I46)-5)),I46)))) -> 255.5302946 | AM46: =IF(MID(J46,2,1)=",",_xlfn.TEXTJOIN(".",FALSE,MID(J46,1,1),MID(J46,3,LEN(J46)-2)),IF(MID(J46,3,1)=",",_xlfn.TEXTJOIN(".",FALSE,MID(J46,1,2),MID(J46,4,LEN(J46)-3)),IF(MID(J46,4,1)=",",_xlfn.TEXTJOIN(".",FALSE,MID(J46,1,3),MID(J46,5,LEN(J46)-4)),IF(MID(J46,5,1)=",",_xlfn.TEXTJOIN(".",FALSE,MID(J46,1,4),MID(J46,6,LEN(J46)-5)),J46)))) -> 2375.800215 | AN46: =IF(MID(K46,2,1)=",",_xlfn.TEXTJOIN(".",FALSE,MID(K46,1,1),MID(K46,3,LEN(K46)-2)),IF(MID(K46,3,1)=",",_xlfn.TEXTJOIN(".",FALSE,MID(K46,1,2),MID(K46,4,LEN(K46)-3)),IF(MID(K46,4,1)=",",_xlfn.TEXTJOIN(".",FALSE,MID(K46,1,3),MID(K46,5,LEN(K46)-4)),IF(MID(K46,5,1)=",",_xlfn.TEXTJOIN(".",FALSE,MID(K46,1,4),MID(K46,6,LEN(K46)-5)),K46)))) -> 375.8751176 | AO46: =IF(MID(L46,2,1)=",",_xlfn.TEXTJOIN(".",FALSE,MID(L46,1,1),MID(L46,3,LEN(L46)-2)),IF(MID(L46,3,1)=",",_xlfn.TEXTJOIN(".",FALSE,MID(L46,1,2),MID(L46,4,LEN(L46)-3)),IF(MID(L46,4,1)=",",_xlfn.TEXTJOIN(".",FALSE,MID(L46,1,3),MID(L46,5,LEN(L46)-4)),IF(MID(L46,5,1)=",",_xlfn.TEXTJOIN(".",FALSE,MID(L46,1,4),MID(L46,6,LEN(L46)-5)),L46)))) -> 13.75435469 | AP46: =IF(MID(M46,2,1)=",",_xlfn.TEXTJOIN(".",FALSE,MID(M46,1,1),MID(M46,3,LEN(M46)-2)),IF(MID(M46,3,1)=",",_xlfn.TEXTJOIN(".",FALSE,MID(M46,1,2),MID(M46,4,LEN(M46)-3)),IF(MID(M46,4,1)=",",_xlfn.TEXTJOIN(".",FALSE,MID(M46,1,3),MID(M46,5,LEN(M46)-4)),IF(MID(M46,5,1)=",",_xlfn.TEXTJOIN(".",FALSE,MID(M46,1,4),MID(M46,6,LEN(M46)-5)),M46)))) -> 265.5261479 | ... BJ46: =IF(MID(AG46,2,1)=",",_xlfn.TEXTJOIN(".",FALSE,MID(AG46,1,1),MID(AG46,3,LEN(AG46)-2)),IF(MID(AG46,3,1)=",",_xlfn.TEXTJOIN(".",FALSE,MID(AG46,1,2),MID(AG46,4,LEN(AG46)-3)),IF(MID(AG46,4,1)=",",_xlfn.TEXTJOIN(".",FALSE,MID(AG46,1,3),MID(AG46,5,LEN(AG46)-4)),IF(MID(AG46,5,1)=",",_xlfn.TEXTJOIN(".",FALSE,MID(AG46,1,4),MID(AG46,6,LEN(AG46)-5)),AG46)))) -> 5.24345783
A47: 46 | B47: HK_UK_5-1 | C47: Gebäude für Kultur und Freizeit | D47: Bibliothek/Archiv (einfach, z.B. Stadtbücherei) | E47: 46 | F47: 7.48706 | G47: 18.903526 | H47: 11.416466 | I47: 272.3833 | J47: 2738.9913 | K47: 386.57112 | L47: 13.429082 | M47: 272.68492 | N47: 13.398377 | O47: 274.32567 | P47: 0.72127872 | Q47: 0.95305694 | R47: 0.45795872 | S47: 1.3396603 | T47: 0.95920518 | U47: 1.3534673 | V47: 20.994006 | W47: 24 | X47: 4 | Y47: 19.982018 | Z47: 26 | AA47: 0.62437562 | AB47: 4.2868631 | AC47: 1.6196304 | AD47: 0.24853782 | AE47: 0.93438877 | AF47: 70.190926 | AG47: 1.540195 | AI47: =IF(MID(F47,2,1)=",",_xlfn.TEXTJOIN(".",FALSE,MID(F47,1,1),MID(F47,3,LEN(F47)-2)),IF(MID(F47,3,1)=",",_xlfn.TEXTJOIN(".",FALSE,MID(F47,1,2),MID(F47,4,LEN(F47)-3)),IF(MID(F47,4,1)=",",_xlfn.TEXTJOIN(".",FALSE,MID(F47,1,3),MID(F47,5,LEN(F47)-4)),IF(MID(F47,5,1)=",",_xlfn.TEXTJOIN(".",FALSE,MID(F47,1,4),MID(F47,6,LEN(F47)-5)),F47)))) -> 7.487060035 | AJ47: =IF(MID(G47,2,1)=",",_xlfn.TEXTJOIN(".",FALSE,MID(G47,1,1),MID(G47,3,LEN(G47)-2)),IF(MID(G47,3,1)=",",_xlfn.TEXTJOIN(".",FALSE,MID(G47,1,2),MID(G47,4,LEN(G47)-3)),IF(MID(G47,4,1)=",",_xlfn.TEXTJOIN(".",FALSE,MID(G47,1,3),MID(G47,5,LEN(G47)-4)),IF(MID(G47,5,1)=",",_xlfn.TEXTJOIN(".",FALSE,MID(G47,1,4),MID(G47,6,LEN(G47)-5)),G47)))) -> 18.90352562 | AK47: =IF(MID(H47,2,1)=",",_xlfn.TEXTJOIN(".",FALSE,MID(H47,1,1),MID(H47,3,LEN(H47)-2)),IF(MID(H47,3,1)=",",_xlfn.TEXTJOIN(".",FALSE,MID(H47,1,2),MID(H47,4,LEN(H47)-3)),IF(MID(H47,4,1)=",",_xlfn.TEXTJOIN(".",FALSE,MID(H47,1,3),MID(H47,5,LEN(H47)-4)),IF(MID(H47,5,1)=",",_xlfn.TEXTJOIN(".",FALSE,MID(H47,1,4),MID(H47,6,LEN(H47)-5)),H47)))) -> 11.41646559 | AL47: =IF(MID(I47,2,1)=",",_xlfn.TEXTJOIN(".",FALSE,MID(I47,1,1),MID(I47,3,LEN(I47)-2)),IF(MID(I47,3,1)=",",_xlfn.TEXTJOIN(".",FALSE,MID(I47,1,2),MID(I47,4,LEN(I47)-3)),IF(MID(I47,4,1)=",",_xlfn.TEXTJOIN(".",FALSE,MID(I47,1,3),MID(I47,5,LEN(I47)-4)),IF(MID(I47,5,1)=",",_xlfn.TEXTJOIN(".",FALSE,MID(I47,1,4),MID(I47,6,LEN(I47)-5)),I47)))) -> 272.3833043 | AM47: =IF(MID(J47,2,1)=",",_xlfn.TEXTJOIN(".",FALSE,MID(J47,1,1),MID(J47,3,LEN(J47)-2)),IF(MID(J47,3,1)=",",_xlfn.TEXTJOIN(".",FALSE,MID(J47,1,2),MID(J47,4,LEN(J47)-3)),IF(MID(J47,4,1)=",",_xlfn.TEXTJOIN(".",FALSE,MID(J47,1,3),MID(J47,5,LEN(J47)-4)),IF(MID(J47,5,1)=",",_xlfn.TEXTJOIN(".",FALSE,MID(J47,1,4),MID(J47,6,LEN(J47)-5)),J47)))) -> 2738.991315 | AN47: =IF(MID(K47,2,1)=",",_xlfn.TEXTJOIN(".",FALSE,MID(K47,1,1),MID(K47,3,LEN(K47)-2)),IF(MID(K47,3,1)=",",_xlfn.TEXTJOIN(".",FALSE,MID(K47,1,2),MID(K47,4,LEN(K47)-3)),IF(MID(K47,4,1)=",",_xlfn.TEXTJOIN(".",FALSE,MID(K47,1,3),MID(K47,5,LEN(K47)-4)),IF(MID(K47,5,1)=",",_xlfn.TEXTJOIN(".",FALSE,MID(K47,1,4),MID(K47,6,LEN(K47)-5)),K47)))) -> 386.5711157 | AO47: =IF(MID(L47,2,1)=",",_xlfn.TEXTJOIN(".",FALSE,MID(L47,1,1),MID(L47,3,LEN(L47)-2)),IF(MID(L47,3,1)=",",_xlfn.TEXTJOIN(".",FALSE,MID(L47,1,2),MID(L47,4,LEN(L47)-3)),IF(MID(L47,4,1)=",",_xlfn.TEXTJOIN(".",FALSE,MID(L47,1,3),MID(L47,5,LEN(L47)-4)),IF(MID(L47,5,1)=",",_xlfn.TEXTJOIN(".",FALSE,MID(L47,1,4),MID(L47,6,LEN(L47)-5)),L47)))) -> 13.42908184 | AP47: =IF(MID(M47,2,1)=",",_xlfn.TEXTJOIN(".",FALSE,MID(M47,1,1),MID(M47,3,LEN(M47)-2)),IF(MID(M47,3,1)=",",_xlfn.TEXTJOIN(".",FALSE,MID(M47,1,2),MID(M47,4,LEN(M47)-3)),IF(MID(M47,4,1)=",",_xlfn.TEXTJOIN(".",FALSE,MID(M47,1,3),MID(M47,5,LEN(M47)-4)),IF(MID(M47,5,1)=",",_xlfn.TEXTJOIN(".",FALSE,MID(M47,1,4),MID(M47,6,LEN(M47)-5)),M47)))) -> 272.6849199 | ... BJ47: =IF(MID(AG47,2,1)=",",_xlfn.TEXTJOIN(".",FALSE,MID(AG47,1,1),MID(AG47,3,LEN(AG47)-2)),IF(MID(AG47,3,1)=",",_xlfn.TEXTJOIN(".",FALSE,MID(AG47,1,2),MID(AG47,4,LEN(AG47)-3)),IF(MID(AG47,4,1)=",",_xlfn.TEXTJOIN(".",FALSE,MID(AG47,1,3),MID(AG47,5,LEN(AG47)-4)),IF(MID(AG47,5,1)=",",_xlfn.TEXTJOIN(".",FALSE,MID(AG47,1,4),MID(AG47,6,LEN(AG47)-5)),AG47)))) -> 1.54019502
A48: 47 | B48: HK_UK_5-2 | C48: Gebäude für Kultur und Freizeit | D48: Bibliothek/Archiv (höher technisiert, z.B. Unibibliothek) | E48: 47 | F48: 7.48706 | G48: 18.903526 | H48: 11.416466 | I48: 272.3833 | J48: 2738.9913 | K48: 386.57112 | L48: 13.429082 | M48: 272.68492 | N48: 13.398377 | O48: 274.32567 | P48: 0.72127872 | Q48: 0.95305694 | R48: 0.45795872 | S48: 1.3396603 | T48: 0.95920518 | U48: 1.3534673 | V48: 20.994006 | W48: 24 | X48: 4 | Y48: 19.982018 | Z48: 26 | AA48: 0.62437562 | AB48: 4.2868631 | AC48: 1.6196304 | AD48: 0.24853782 | AE48: 0.93438877 | AF48: 70.190926 | AG48: 1.540195 | AI48: =IF(MID(F48,2,1)=",",_xlfn.TEXTJOIN(".",FALSE,MID(F48,1,1),MID(F48,3,LEN(F48)-2)),IF(MID(F48,3,1)=",",_xlfn.TEXTJOIN(".",FALSE,MID(F48,1,2),MID(F48,4,LEN(F48)-3)),IF(MID(F48,4,1)=",",_xlfn.TEXTJOIN(".",FALSE,MID(F48,1,3),MID(F48,5,LEN(F48)-4)),IF(MID(F48,5,1)=",",_xlfn.TEXTJOIN(".",FALSE,MID(F48,1,4),MID(F48,6,LEN(F48)-5)),F48)))) -> 7.487060035 | AJ48: =IF(MID(G48,2,1)=",",_xlfn.TEXTJOIN(".",FALSE,MID(G48,1,1),MID(G48,3,LEN(G48)-2)),IF(MID(G48,3,1)=",",_xlfn.TEXTJOIN(".",FALSE,MID(G48,1,2),MID(G48,4,LEN(G48)-3)),IF(MID(G48,4,1)=",",_xlfn.TEXTJOIN(".",FALSE,MID(G48,1,3),MID(G48,5,LEN(G48)-4)),IF(MID(G48,5,1)=",",_xlfn.TEXTJOIN(".",FALSE,MID(G48,1,4),MID(G48,6,LEN(G48)-5)),G48)))) -> 18.90352562 | AK48: =IF(MID(H48,2,1)=",",_xlfn.TEXTJOIN(".",FALSE,MID(H48,1,1),MID(H48,3,LEN(H48)-2)),IF(MID(H48,3,1)=",",_xlfn.TEXTJOIN(".",FALSE,MID(H48,1,2),MID(H48,4,LEN(H48)-3)),IF(MID(H48,4,1)=",",_xlfn.TEXTJOIN(".",FALSE,MID(H48,1,3),MID(H48,5,LEN(H48)-4)),IF(MID(H48,5,1)=",",_xlfn.TEXTJOIN(".",FALSE,MID(H48,1,4),MID(H48,6,LEN(H48)-5)),H48)))) -> 11.41646559 | AL48: =IF(MID(I48,2,1)=",",_xlfn.TEXTJOIN(".",FALSE,MID(I48,1,1),MID(I48,3,LEN(I48)-2)),IF(MID(I48,3,1)=",",_xlfn.TEXTJOIN(".",FALSE,MID(I48,1,2),MID(I48,4,LEN(I48)-3)),IF(MID(I48,4,1)=",",_xlfn.TEXTJOIN(".",FALSE,MID(I48,1,3),MID(I48,5,LEN(I48)-4)),IF(MID(I48,5,1)=",",_xlfn.TEXTJOIN(".",FALSE,MID(I48,1,4),MID(I48,6,LEN(I48)-5)),I48)))) -> 272.3833043 | AM48: =IF(MID(J48,2,1)=",",_xlfn.TEXTJOIN(".",FALSE,MID(J48,1,1),MID(J48,3,LEN(J48)-2)),IF(MID(J48,3,1)=",",_xlfn.TEXTJOIN(".",FALSE,MID(J48,1,2),MID(J48,4,LEN(J48)-3)),IF(MID(J48,4,1)=",",_xlfn.TEXTJOIN(".",FALSE,MID(J48,1,3),MID(J48,5,LEN(J48)-4)),IF(MID(J48,5,1)=",",_xlfn.TEXTJOIN(".",FALSE,MID(J48,1,4),MID(J48,6,LEN(J48)-5)),J48)))) -> 2738.991315 | AN48: =IF(MID(K48,2,1)=",",_xlfn.TEXTJOIN(".",FALSE,MID(K48,1,1),MID(K48,3,LEN(K48)-2)),IF(MID(K48,3,1)=",",_xlfn.TEXTJOIN(".",FALSE,MID(K48,1,2),MID(K48,4,LEN(K48)-3)),IF(MID(K48,4,1)=",",_xlfn.TEXTJOIN(".",FALSE,MID(K48,1,3),MID(K48,5,LEN(K48)-4)),IF(MID(K48,5,1)=",",_xlfn.TEXTJOIN(".",FALSE,MID(K48,1,4),MID(K48,6,LEN(K48)-5)),K48)))) -> 386.5711157 | AO48: =IF(MID(L48,2,1)=",",_xlfn.TEXTJOIN(".",FALSE,MID(L48,1,1),MID(L48,3,LEN(L48)-2)),IF(MID(L48,3,1)=",",_xlfn.TEXTJOIN(".",FALSE,MID(L48,1,2),MID(L48,4,LEN(L48)-3)),IF(MID(L48,4,1)=",",_xlfn.TEXTJOIN(".",FALSE,MID(L48,1,3),MID(L48,5,LEN(L48)-4)),IF(MID(L48,5,1)=",",_xlfn.TEXTJOIN(".",FALSE,MID(L48,1,4),MID(L48,6,LEN(L48)-5)),L48)))) -> 13.42908184 | AP48: =IF(MID(M48,2,1)=",",_xlfn.TEXTJOIN(".",FALSE,MID(M48,1,1),MID(M48,3,LEN(M48)-2)),IF(MID(M48,3,1)=",",_xlfn.TEXTJOIN(".",FALSE,MID(M48,1,2),MID(M48,4,LEN(M48)-3)),IF(MID(M48,4,1)=",",_xlfn.TEXTJOIN(".",FALSE,MID(M48,1,3),MID(M48,5,LEN(M48)-4)),IF(MID(M48,5,1)=",",_xlfn.TEXTJOIN(".",FALSE,MID(M48,1,4),MID(M48,6,LEN(M48)-5)),M48)))) -> 272.6849199 | ... BJ48: =IF(MID(AG48,2,1)=",",_xlfn.TEXTJOIN(".",FALSE,MID(AG48,1,1),MID(AG48,3,LEN(AG48)-2)),IF(MID(AG48,3,1)=",",_xlfn.TEXTJOIN(".",FALSE,MID(AG48,1,2),MID(AG48,4,LEN(AG48)-3)),IF(MID(AG48,4,1)=",",_xlfn.TEXTJOIN(".",FALSE,MID(AG48,1,3),MID(AG48,5,LEN(AG48)-4)),IF(MID(AG48,5,1)=",",_xlfn.TEXTJOIN(".",FALSE,MID(AG48,1,4),MID(AG48,6,LEN(AG48)-5)),AG48)))) -> 1.54019502
A49: 48 | B49: HK_UK_5-3 | C49: Gebäude für Kultur und Freizeit | D49: Ausstellungsgebäude (Museen, Galerien) | E49: 48 | F49: 8.0125376 | G49: 18.530367 | H49: 10.51783 | I49: 259.09905 | J49: 2334.9685 | K49: 457.88906 | L49: 17.328785 | M49: 295.69486 | N49: 17.328785 | O49: 220.38153 | P49: 0.71204819 | Q49: 0.93349398 | R49: 0.40791533 | S49: 1.7009036 | T49: 0.95240431 | U49: 1.1669631 | V49: 20.899598 | W49: 24.02008 | X49: 3.939759 | Y49: 19.899598 | Z49: 26.02008 | AA49: 1.1074297 | AB49: 4.6100402 | AC49: 1.7911647 | AD49: 0.32242274 | AE49: 0.93391104 | AF49: 70.090972 | AG49: 2.1399189 | AI49: =IF(MID(F49,2,1)=",",_xlfn.TEXTJOIN(".",FALSE,MID(F49,1,1),MID(F49,3,LEN(F49)-2)),IF(MID(F49,3,1)=",",_xlfn.TEXTJOIN(".",FALSE,MID(F49,1,2),MID(F49,4,LEN(F49)-3)),IF(MID(F49,4,1)=",",_xlfn.TEXTJOIN(".",FALSE,MID(F49,1,3),MID(F49,5,LEN(F49)-4)),IF(MID(F49,5,1)=",",_xlfn.TEXTJOIN(".",FALSE,MID(F49,1,4),MID(F49,6,LEN(F49)-5)),F49)))) -> 8.012537638 | AJ49: =IF(MID(G49,2,1)=",",_xlfn.TEXTJOIN(".",FALSE,MID(G49,1,1),MID(G49,3,LEN(G49)-2)),IF(MID(G49,3,1)=",",_xlfn.TEXTJOIN(".",FALSE,MID(G49,1,2),MID(G49,4,LEN(G49)-3)),IF(MID(G49,4,1)=",",_xlfn.TEXTJOIN(".",FALSE,MID(G49,1,3),MID(G49,5,LEN(G49)-4)),IF(MID(G49,5,1)=",",_xlfn.TEXTJOIN(".",FALSE,MID(G49,1,4),MID(G49,6,LEN(G49)-5)),G49)))) -> 18.53036727 | AK49: =IF(MID(H49,2,1)=",",_xlfn.TEXTJOIN(".",FALSE,MID(H49,1,1),MID(H49,3,LEN(H49)-2)),IF(MID(H49,3,1)=",",_xlfn.TEXTJOIN(".",FALSE,MID(H49,1,2),MID(H49,4,LEN(H49)-3)),IF(MID(H49,4,1)=",",_xlfn.TEXTJOIN(".",FALSE,MID(H49,1,3),MID(H49,5,LEN(H49)-4)),IF(MID(H49,5,1)=",",_xlfn.TEXTJOIN(".",FALSE,MID(H49,1,4),MID(H49,6,LEN(H49)-5)),H49)))) -> 10.51782963 | AL49: =IF(MID(I49,2,1)=",",_xlfn.TEXTJOIN(".",FALSE,MID(I49,1,1),MID(I49,3,LEN(I49)-2)),IF(MID(I49,3,1)=",",_xlfn.TEXTJOIN(".",FALSE,MID(I49,1,2),MID(I49,4,LEN(I49)-3)),IF(MID(I49,4,1)=",",_xlfn.TEXTJOIN(".",FALSE,MID(I49,1,3),MID(I49,5,LEN(I49)-4)),IF(MID(I49,5,1)=",",_xlfn.TEXTJOIN(".",FALSE,MID(I49,1,4),MID(I49,6,LEN(I49)-5)),I49)))) -> 259.0990524 | AM49: =IF(MID(J49,2,1)=",",_xlfn.TEXTJOIN(".",FALSE,MID(J49,1,1),MID(J49,3,LEN(J49)-2)),IF(MID(J49,3,1)=",",_xlfn.TEXTJOIN(".",FALSE,MID(J49,1,2),MID(J49,4,LEN(J49)-3)),IF(MID(J49,4,1)=",",_xlfn.TEXTJOIN(".",FALSE,MID(J49,1,3),MID(J49,5,LEN(J49)-4)),IF(MID(J49,5,1)=",",_xlfn.TEXTJOIN(".",FALSE,MID(J49,1,4),MID(J49,6,LEN(J49)-5)),J49)))) -> 2334.96846 | AN49: =IF(MID(K49,2,1)=",",_xlfn.TEXTJOIN(".",FALSE,MID(K49,1,1),MID(K49,3,LEN(K49)-2)),IF(MID(K49,3,1)=",",_xlfn.TEXTJOIN(".",FALSE,MID(K49,1,2),MID(K49,4,LEN(K49)-3)),IF(MID(K49,4,1)=",",_xlfn.TEXTJOIN(".",FALSE,MID(K49,1,3),MID(K49,5,LEN(K49)-4)),IF(MID(K49,5,1)=",",_xlfn.TEXTJOIN(".",FALSE,MID(K49,1,4),MID(K49,6,LEN(K49)-5)),K49)))) -> 457.8890646 | AO49: =IF(MID(L49,2,1)=",",_xlfn.TEXTJOIN(".",FALSE,MID(L49,1,1),MID(L49,3,LEN(L49)-2)),IF(MID(L49,3,1)=",",_xlfn.TEXTJOIN(".",FALSE,MID(L49,1,2),MID(L49,4,LEN(L49)-3)),IF(MID(L49,4,1)=",",_xlfn.TEXTJOIN(".",FALSE,MID(L49,1,3),MID(L49,5,LEN(L49)-4)),IF(MID(L49,5,1)=",",_xlfn.TEXTJOIN(".",FALSE,MID(L49,1,4),MID(L49,6,LEN(L49)-5)),L49)))) -> 17.32878473 | AP49: =IF(MID(M49,2,1)=",",_xlfn.TEXTJOIN(".",FALSE,MID(M49,1,1),MID(M49,3,LEN(M49)-2)),IF(MID(M49,3,1)=",",_xlfn.TEXTJOIN(".",FALSE,MID(M49,1,2),MID(M49,4,LEN(M49)-3)),IF(MID(M49,4,1)=",",_xlfn.TEXTJOIN(".",FALSE,MID(M49,1,3),MID(M49,5,LEN(M49)-4)),IF(MID(M49,5,1)=",",_xlfn.TEXTJOIN(".",FALSE,MID(M49,1,4),MID(M49,6,LEN(M49)-5)),M49)))) -> 295.6948571 | ... BJ49: =IF(MID(AG49,2,1)=",",_xlfn.TEXTJOIN(".",FALSE,MID(AG49,1,1),MID(AG49,3,LEN(AG49)-2)),IF(MID(AG49,3,1)=",",_xlfn.TEXTJOIN(".",FALSE,MID(AG49,1,2),MID(AG49,4,LEN(AG49)-3)),IF(MID(AG49,4,1)=",",_xlfn.TEXTJOIN(".",FALSE,MID(AG49,1,3),MID(AG49,5,LEN(AG49)-4)),IF(MID(AG49,5,1)=",",_xlfn.TEXTJOIN(".",FALSE,MID(AG49,1,4),MID(AG49,6,LEN(AG49)-5)),AG49)))) -> 2.139918916
A50: 49 | B50: HK_UK_5-4 | C50: Gebäude für Kultur und Freizeit | D50: Oper, Theater und Veranstaltungshalle, Kino, Konferenzzentrum | E50: 49 | F50: 8.3209264 | G50: 19.021609 | H50: 10.700683 | I50: 252.44536 | J50: 2289.3096 | K50: 425.8055 | L50: 11.989479 | M50: 252.44536 | N50: 11.92328 | O50: 283.55922 | P50: 0.63753382 | Q50: 0.96486005 | R50: 0.56343555 | S50: 1.8617377 | T50: 0.96337486 | U50: 1.176217 | V50: 20.956653 | W50: 24.012137 | X50: 3.9989794 | Y50: 19.967135 | Z50: 26.012137 | AA50: 0.59068859 | AB50: 11.035284 | AC50: 1.9920748 | AD50: 0.27804669 | AE50: 0.88481019 | AF50: 71.331877 | AG50: 6.039713 | AI50: =IF(MID(F50,2,1)=",",_xlfn.TEXTJOIN(".",FALSE,MID(F50,1,1),MID(F50,3,LEN(F50)-2)),IF(MID(F50,3,1)=",",_xlfn.TEXTJOIN(".",FALSE,MID(F50,1,2),MID(F50,4,LEN(F50)-3)),IF(MID(F50,4,1)=",",_xlfn.TEXTJOIN(".",FALSE,MID(F50,1,3),MID(F50,5,LEN(F50)-4)),IF(MID(F50,5,1)=",",_xlfn.TEXTJOIN(".",FALSE,MID(F50,1,4),MID(F50,6,LEN(F50)-5)),F50)))) -> 8.320926423 | AJ50: =IF(MID(G50,2,1)=",",_xlfn.TEXTJOIN(".",FALSE,MID(G50,1,1),MID(G50,3,LEN(G50)-2)),IF(MID(G50,3,1)=",",_xlfn.TEXTJOIN(".",FALSE,MID(G50,1,2),MID(G50,4,LEN(G50)-3)),IF(MID(G50,4,1)=",",_xlfn.TEXTJOIN(".",FALSE,MID(G50,1,3),MID(G50,5,LEN(G50)-4)),IF(MID(G50,5,1)=",",_xlfn.TEXTJOIN(".",FALSE,MID(G50,1,4),MID(G50,6,LEN(G50)-5)),G50)))) -> 19.02160926 | AK50: =IF(MID(H50,2,1)=",",_xlfn.TEXTJOIN(".",FALSE,MID(H50,1,1),MID(H50,3,LEN(H50)-2)),IF(MID(H50,3,1)=",",_xlfn.TEXTJOIN(".",FALSE,MID(H50,1,2),MID(H50,4,LEN(H50)-3)),IF(MID(H50,4,1)=",",_xlfn.TEXTJOIN(".",FALSE,MID(H50,1,3),MID(H50,5,LEN(H50)-4)),IF(MID(H50,5,1)=",",_xlfn.TEXTJOIN(".",FALSE,MID(H50,1,4),MID(H50,6,LEN(H50)-5)),H50)))) -> 10.70068284 | AL50: =IF(MID(I50,2,1)=",",_xlfn.TEXTJOIN(".",FALSE,MID(I50,1,1),MID(I50,3,LEN(I50)-2)),IF(MID(I50,3,1)=",",_xlfn.TEXTJOIN(".",FALSE,MID(I50,1,2),MID(I50,4,LEN(I50)-3)),IF(MID(I50,4,1)=",",_xlfn.TEXTJOIN(".",FALSE,MID(I50,1,3),MID(I50,5,LEN(I50)-4)),IF(MID(I50,5,1)=",",_xlfn.TEXTJOIN(".",FALSE,MID(I50,1,4),MID(I50,6,LEN(I50)-5)),I50)))) -> 252.4453555 | AM50: =IF(MID(J50,2,1)=",",_xlfn.TEXTJOIN(".",FALSE,MID(J50,1,1),MID(J50,3,LEN(J50)-2)),IF(MID(J50,3,1)=",",_xlfn.TEXTJOIN(".",FALSE,MID(J50,1,2),MID(J50,4,LEN(J50)-3)),IF(MID(J50,4,1)=",",_xlfn.TEXTJOIN(".",FALSE,MID(J50,1,3),MID(J50,5,LEN(J50)-4)),IF(MID(J50,5,1)=",",_xlfn.TEXTJOIN(".",FALSE,MID(J50,1,4),MID(J50,6,LEN(J50)-5)),J50)))) -> 2289.309552 | AN50: =IF(MID(K50,2,1)=",",_xlfn.TEXTJOIN(".",FALSE,MID(K50,1,1),MID(K50,3,LEN(K50)-2)),IF(MID(K50,3,1)=",",_xlfn.TEXTJOIN(".",FALSE,MID(K50,1,2),MID(K50,4,LEN(K50)-3)),IF(MID(K50,4,1)=",",_xlfn.TEXTJOIN(".",FALSE,MID(K50,1,3),MID(K50,5,LEN(K50)-4)),IF(MID(K50,5,1)=",",_xlfn.TEXTJOIN(".",FALSE,MID(K50,1,4),MID(K50,6,LEN(K50)-5)),K50)))) -> 425.805498 | AO50: =IF(MID(L50,2,1)=",",_xlfn.TEXTJOIN(".",FALSE,MID(L50,1,1),MID(L50,3,LEN(L50)-2)),IF(MID(L50,3,1)=",",_xlfn.TEXTJOIN(".",FALSE,MID(L50,1,2),MID(L50,4,LEN(L50)-3)),IF(MID(L50,4,1)=",",_xlfn.TEXTJOIN(".",FALSE,MID(L50,1,3),MID(L50,5,LEN(L50)-4)),IF(MID(L50,5,1)=",",_xlfn.TEXTJOIN(".",FALSE,MID(L50,1,4),MID(L50,6,LEN(L50)-5)),L50)))) -> 11.9894789 | AP50: =IF(MID(M50,2,1)=",",_xlfn.TEXTJOIN(".",FALSE,MID(M50,1,1),MID(M50,3,LEN(M50)-2)),IF(MID(M50,3,1)=",",_xlfn.TEXTJOIN(".",FALSE,MID(M50,1,2),MID(M50,4,LEN(M50)-3)),IF(MID(M50,4,1)=",",_xlfn.TEXTJOIN(".",FALSE,MID(M50,1,3),MID(M50,5,LEN(M50)-4)),IF(MID(M50,5,1)=",",_xlfn.TEXTJOIN(".",FALSE,MID(M50,1,4),MID(M50,6,LEN(M50)-5)),M50)))) -> 252.4453555 | ... BJ50: =IF(MID(AG50,2,1)=",",_xlfn.TEXTJOIN(".",FALSE,MID(AG50,1,1),MID(AG50,3,LEN(AG50)-2)),IF(MID(AG50,3,1)=",",_xlfn.TEXTJOIN(".",FALSE,MID(AG50,1,2),MID(AG50,4,LEN(AG50)-3)),IF(MID(AG50,4,1)=",",_xlfn.TEXTJOIN(".",FALSE,MID(AG50,1,3),MID(AG50,5,LEN(AG50)-4)),IF(MID(AG50,5,1)=",",_xlfn.TEXTJOIN(".",FALSE,MID(AG50,1,4),MID(AG50,6,LEN(AG50)-5)),AG50)))) -> 6.039713016
A51: 50 | B51: HK_UK_5-5 | C51: Gebäude für Kultur und Freizeit | D51: Freizeit-, Gemeinschafts-, Bürgerhaus | E51: 50 | F51: 7.7424776 | G51: 18.857649 | H51: 11.115172 | I51: 253.51729 | J51: 2424.6555 | K51: 414.89312 | L51: 12.742834 | M51: 253.51729 | N51: 12.598901 | O51: 280.62814 | P51: 0.72603015 | Q51: 0.95890452 | R51: 0.5482574 | S51: 1.6629146 | T51: 0.98470352 | U51: 1.0919004 | V51: 20.969849 | W51: 24 | X51: 3.9919598 | Y51: 19.99799 | Z51: 26 | AA51: 0.65125628 | AB51: 11.66206 | AC51: 2.1231156 | AD51: 0.34291484 | AE51: 0.84303731 | AF51: 71.85643 | AG51: 9.5634914 | AI51: =IF(MID(F51,2,1)=",",_xlfn.TEXTJOIN(".",FALSE,MID(F51,1,1),MID(F51,3,LEN(F51)-2)),IF(MID(F51,3,1)=",",_xlfn.TEXTJOIN(".",FALSE,MID(F51,1,2),MID(F51,4,LEN(F51)-3)),IF(MID(F51,4,1)=",",_xlfn.TEXTJOIN(".",FALSE,MID(F51,1,3),MID(F51,5,LEN(F51)-4)),IF(MID(F51,5,1)=",",_xlfn.TEXTJOIN(".",FALSE,MID(F51,1,4),MID(F51,6,LEN(F51)-5)),F51)))) -> 7.742477552 | AJ51: =IF(MID(G51,2,1)=",",_xlfn.TEXTJOIN(".",FALSE,MID(G51,1,1),MID(G51,3,LEN(G51)-2)),IF(MID(G51,3,1)=",",_xlfn.TEXTJOIN(".",FALSE,MID(G51,1,2),MID(G51,4,LEN(G51)-3)),IF(MID(G51,4,1)=",",_xlfn.TEXTJOIN(".",FALSE,MID(G51,1,3),MID(G51,5,LEN(G51)-4)),IF(MID(G51,5,1)=",",_xlfn.TEXTJOIN(".",FALSE,MID(G51,1,4),MID(G51,6,LEN(G51)-5)),G51)))) -> 18.85764929 | AK51: =IF(MID(H51,2,1)=",",_xlfn.TEXTJOIN(".",FALSE,MID(H51,1,1),MID(H51,3,LEN(H51)-2)),IF(MID(H51,3,1)=",",_xlfn.TEXTJOIN(".",FALSE,MID(H51,1,2),MID(H51,4,LEN(H51)-3)),IF(MID(H51,4,1)=",",_xlfn.TEXTJOIN(".",FALSE,MID(H51,1,3),MID(H51,5,LEN(H51)-4)),IF(MID(H51,5,1)=",",_xlfn.TEXTJOIN(".",FALSE,MID(H51,1,4),MID(H51,6,LEN(H51)-5)),H51)))) -> 11.11517173 | AL51: =IF(MID(I51,2,1)=",",_xlfn.TEXTJOIN(".",FALSE,MID(I51,1,1),MID(I51,3,LEN(I51)-2)),IF(MID(I51,3,1)=",",_xlfn.TEXTJOIN(".",FALSE,MID(I51,1,2),MID(I51,4,LEN(I51)-3)),IF(MID(I51,4,1)=",",_xlfn.TEXTJOIN(".",FALSE,MID(I51,1,3),MID(I51,5,LEN(I51)-4)),IF(MID(I51,5,1)=",",_xlfn.TEXTJOIN(".",FALSE,MID(I51,1,4),MID(I51,6,LEN(I51)-5)),I51)))) -> 253.5172892 | AM51: =IF(MID(J51,2,1)=",",_xlfn.TEXTJOIN(".",FALSE,MID(J51,1,1),MID(J51,3,LEN(J51)-2)),IF(MID(J51,3,1)=",",_xlfn.TEXTJOIN(".",FALSE,MID(J51,1,2),MID(J51,4,LEN(J51)-3)),IF(MID(J51,4,1)=",",_xlfn.TEXTJOIN(".",FALSE,MID(J51,1,3),MID(J51,5,LEN(J51)-4)),IF(MID(J51,5,1)=",",_xlfn.TEXTJOIN(".",FALSE,MID(J51,1,4),MID(J51,6,LEN(J51)-5)),J51)))) -> 2424.655476 | AN51: =IF(MID(K51,2,1)=",",_xlfn.TEXTJOIN(".",FALSE,MID(K51,1,1),MID(K51,3,LEN(K51)-2)),IF(MID(K51,3,1)=",",_xlfn.TEXTJOIN(".",FALSE,MID(K51,1,2),MID(K51,4,LEN(K51)-3)),IF(MID(K51,4,1)=",",_xlfn.TEXTJOIN(".",FALSE,MID(K51,1,3),MID(K51,5,LEN(K51)-4)),IF(MID(K51,5,1)=",",_xlfn.TEXTJOIN(".",FALSE,MID(K51,1,4),MID(K51,6,LEN(K51)-5)),K51)))) -> 414.8931202 | AO51: =IF(MID(L51,2,1)=",",_xlfn.TEXTJOIN(".",FALSE,MID(L51,1,1),MID(L51,3,LEN(L51)-2)),IF(MID(L51,3,1)=",",_xlfn.TEXTJOIN(".",FALSE,MID(L51,1,2),MID(L51,4,LEN(L51)-3)),IF(MID(L51,4,1)=",",_xlfn.TEXTJOIN(".",FALSE,MID(L51,1,3),MID(L51,5,LEN(L51)-4)),IF(MID(L51,5,1)=",",_xlfn.TEXTJOIN(".",FALSE,MID(L51,1,4),MID(L51,6,LEN(L51)-5)),L51)))) -> 12.74283356 | AP51: =IF(MID(M51,2,1)=",",_xlfn.TEXTJOIN(".",FALSE,MID(M51,1,1),MID(M51,3,LEN(M51)-2)),IF(MID(M51,3,1)=",",_xlfn.TEXTJOIN(".",FALSE,MID(M51,1,2),MID(M51,4,LEN(M51)-3)),IF(MID(M51,4,1)=",",_xlfn.TEXTJOIN(".",FALSE,MID(M51,1,3),MID(M51,5,LEN(M51)-4)),IF(MID(M51,5,1)=",",_xlfn.TEXTJOIN(".",FALSE,MID(M51,1,4),MID(M51,6,LEN(M51)-5)),M51)))) -> 253.5172892 | ... BJ51: =IF(MID(AG51,2,1)=",",_xlfn.TEXTJOIN(".",FALSE,MID(AG51,1,1),MID(AG51,3,LEN(AG51)-2)),IF(MID(AG51,3,1)=",",_xlfn.TEXTJOIN(".",FALSE,MID(AG51,1,2),MID(AG51,4,LEN(AG51)-3)),IF(MID(AG51,4,1)=",",_xlfn.TEXTJOIN(".",FALSE,MID(AG51,1,3),MID(AG51,5,LEN(AG51)-4)),IF(MID(AG51,5,1)=",",_xlfn.TEXTJOIN(".",FALSE,MID(AG51,1,4),MID(AG51,6,LEN(AG51)-5)),AG51)))) -> 9.563491424
A52: 51 | B52: HK_UK_5-6 | C52: Gebäude für Kultur und Freizeit | D52: Spielkasino, -bank, -halle | E52: 51 | F52: 7.7424776 | G52: 18.857649 | H52: 11.115172 | I52: 253.51729 | J52: 2424.6555 | K52: 414.89312 | L52: 12.742834 | M52: 253.51729 | N52: 12.598901 | O52: 280.62814 | P52: 0.72603015 | Q52: 0.95890452 | R52: 0.5482574 | S52: 1.6629146 | T52: 0.98470352 | U52: 1.0919004 | V52: 20.969849 | W52: 24 | X52: 3.9919598 | Y52: 19.99799 | Z52: 26 | AA52: 0.65125628 | AB52: 11.66206 | AC52: 2.1231156 | AD52: 0.34291484 | AE52: 0.84303731 | AF52: 71.85643 | AG52: 9.5634914 | AI52: =IF(MID(F52,2,1)=",",_xlfn.TEXTJOIN(".",FALSE,MID(F52,1,1),MID(F52,3,LEN(F52)-2)),IF(MID(F52,3,1)=",",_xlfn.TEXTJOIN(".",FALSE,MID(F52,1,2),MID(F52,4,LEN(F52)-3)),IF(MID(F52,4,1)=",",_xlfn.TEXTJOIN(".",FALSE,MID(F52,1,3),MID(F52,5,LEN(F52)-4)),IF(MID(F52,5,1)=",",_xlfn.TEXTJOIN(".",FALSE,MID(F52,1,4),MID(F52,6,LEN(F52)-5)),F52)))) -> 7.742477552 | AJ52: =IF(MID(G52,2,1)=",",_xlfn.TEXTJOIN(".",FALSE,MID(G52,1,1),MID(G52,3,LEN(G52)-2)),IF(MID(G52,3,1)=",",_xlfn.TEXTJOIN(".",FALSE,MID(G52,1,2),MID(G52,4,LEN(G52)-3)),IF(MID(G52,4,1)=",",_xlfn.TEXTJOIN(".",FALSE,MID(G52,1,3),MID(G52,5,LEN(G52)-4)),IF(MID(G52,5,1)=",",_xlfn.TEXTJOIN(".",FALSE,MID(G52,1,4),MID(G52,6,LEN(G52)-5)),G52)))) -> 18.85764929 | AK52: =IF(MID(H52,2,1)=",",_xlfn.TEXTJOIN(".",FALSE,MID(H52,1,1),MID(H52,3,LEN(H52)-2)),IF(MID(H52,3,1)=",",_xlfn.TEXTJOIN(".",FALSE,MID(H52,1,2),MID(H52,4,LEN(H52)-3)),IF(MID(H52,4,1)=",",_xlfn.TEXTJOIN(".",FALSE,MID(H52,1,3),MID(H52,5,LEN(H52)-4)),IF(MID(H52,5,1)=",",_xlfn.TEXTJOIN(".",FALSE,MID(H52,1,4),MID(H52,6,LEN(H52)-5)),H52)))) -> 11.11517173 | AL52: =IF(MID(I52,2,1)=",",_xlfn.TEXTJOIN(".",FALSE,MID(I52,1,1),MID(I52,3,LEN(I52)-2)),IF(MID(I52,3,1)=",",_xlfn.TEXTJOIN(".",FALSE,MID(I52,1,2),MID(I52,4,LEN(I52)-3)),IF(MID(I52,4,1)=",",_xlfn.TEXTJOIN(".",FALSE,MID(I52,1,3),MID(I52,5,LEN(I52)-4)),IF(MID(I52,5,1)=",",_xlfn.TEXTJOIN(".",FALSE,MID(I52,1,4),MID(I52,6,LEN(I52)-5)),I52)))) -> 253.5172892 | AM52: =IF(MID(J52,2,1)=",",_xlfn.TEXTJOIN(".",FALSE,MID(J52,1,1),MID(J52,3,LEN(J52)-2)),IF(MID(J52,3,1)=",",_xlfn.TEXTJOIN(".",FALSE,MID(J52,1,2),MID(J52,4,LEN(J52)-3)),IF(MID(J52,4,1)=",",_xlfn.TEXTJOIN(".",FALSE,MID(J52,1,3),MID(J52,5,LEN(J52)-4)),IF(MID(J52,5,1)=",",_xlfn.TEXTJOIN(".",FALSE,MID(J52,1,4),MID(J52,6,LEN(J52)-5)),J52)))) -> 2424.655476 | AN52: =IF(MID(K52,2,1)=",",_xlfn.TEXTJOIN(".",FALSE,MID(K52,1,1),MID(K52,3,LEN(K52)-2)),IF(MID(K52,3,1)=",",_xlfn.TEXTJOIN(".",FALSE,MID(K52,1,2),MID(K52,4,LEN(K52)-3)),IF(MID(K52,4,1)=",",_xlfn.TEXTJOIN(".",FALSE,MID(K52,1,3),MID(K52,5,LEN(K52)-4)),IF(MID(K52,5,1)=",",_xlfn.TEXTJOIN(".",FALSE,MID(K52,1,4),MID(K52,6,LEN(K52)-5)),K52)))) -> 414.8931202 | AO52: =IF(MID(L52,2,1)=",",_xlfn.TEXTJOIN(".",FALSE,MID(L52,1,1),MID(L52,3,LEN(L52)-2)),IF(MID(L52,3,1)=",",_xlfn.TEXTJOIN(".",FALSE,MID(L52,1,2),MID(L52,4,LEN(L52)-3)),IF(MID(L52,4,1)=",",_xlfn.TEXTJOIN(".",FALSE,MID(L52,1,3),MID(L52,5,LEN(L52)-4)),IF(MID(L52,5,1)=",",_xlfn.TEXTJOIN(".",FALSE,MID(L52,1,4),MID(L52,6,LEN(L52)-5)),L52)))) -> 12.74283356 | AP52: =IF(MID(M52,2,1)=",",_xlfn.TEXTJOIN(".",FALSE,MID(M52,1,1),MID(M52,3,LEN(M52)-2)),IF(MID(M52,3,1)=",",_xlfn.TEXTJOIN(".",FALSE,MID(M52,1,2),MID(M52,4,LEN(M52)-3)),IF(MID(M52,4,1)=",",_xlfn.TEXTJOIN(".",FALSE,MID(M52,1,3),MID(M52,5,LEN(M52)-4)),IF(MID(M52,5,1)=",",_xlfn.TEXTJOIN(".",FALSE,MID(M52,1,4),MID(M52,6,LEN(M52)-5)),M52)))) -> 253.5172892 | ... BJ52: =IF(MID(AG52,2,1)=",",_xlfn.TEXTJOIN(".",FALSE,MID(AG52,1,1),MID(AG52,3,LEN(AG52)-2)),IF(MID(AG52,3,1)=",",_xlfn.TEXTJOIN(".",FALSE,MID(AG52,1,2),MID(AG52,4,LEN(AG52)-3)),IF(MID(AG52,4,1)=",",_xlfn.TEXTJOIN(".",FALSE,MID(AG52,1,3),MID(AG52,5,LEN(AG52)-4)),IF(MID(AG52,5,1)=",",_xlfn.TEXTJOIN(".",FALSE,MID(AG52,1,4),MID(AG52,6,LEN(AG52)-5)),AG52)))) -> 9.563491424
A53: 52 | B53: HK_UK_6-0 | C53: Sportgebäude | E53: 52 | F53: 7.6101883 | G53: 20.859784 | H53: 13.249595 | I53: 264.9811 | J53: 2633.7835 | K53: 900.77495 | L53: 14.918685 | M53: 264.9811 | N53: 14.89747 | O53: 242.5 | P53: 0.7684 | Q53: 0.99009 | R53: 0.45105379 | S53: 1.59305 | T53: 0.99319208 | U53: 1.0961909 | V53: 20.213 | W53: 24.104 | X53: 3.944 | Y53: 19.927 | Z53: 26.078 | AA53: 0.245 | AB53: 5.77235 | AC53: 1.59975 | AD53: 0.39185423 | AE53: 0.91775692 | AF53: 94.138057 | AG53: 3.4004397 | AI53: =IF(MID(F53,2,1)=",",_xlfn.TEXTJOIN(".",FALSE,MID(F53,1,1),MID(F53,3,LEN(F53)-2)),IF(MID(F53,3,1)=",",_xlfn.TEXTJOIN(".",FALSE,MID(F53,1,2),MID(F53,4,LEN(F53)-3)),IF(MID(F53,4,1)=",",_xlfn.TEXTJOIN(".",FALSE,MID(F53,1,3),MID(F53,5,LEN(F53)-4)),IF(MID(F53,5,1)=",",_xlfn.TEXTJOIN(".",FALSE,MID(F53,1,4),MID(F53,6,LEN(F53)-5)),F53)))) -> 7.610188256 | AJ53: =IF(MID(G53,2,1)=",",_xlfn.TEXTJOIN(".",FALSE,MID(G53,1,1),MID(G53,3,LEN(G53)-2)),IF(MID(G53,3,1)=",",_xlfn.TEXTJOIN(".",FALSE,MID(G53,1,2),MID(G53,4,LEN(G53)-3)),IF(MID(G53,4,1)=",",_xlfn.TEXTJOIN(".",FALSE,MID(G53,1,3),MID(G53,5,LEN(G53)-4)),IF(MID(G53,5,1)=",",_xlfn.TEXTJOIN(".",FALSE,MID(G53,1,4),MID(G53,6,LEN(G53)-5)),G53)))) -> 20.85978359 | AK53: =IF(MID(H53,2,1)=",",_xlfn.TEXTJOIN(".",FALSE,MID(H53,1,1),MID(H53,3,LEN(H53)-2)),IF(MID(H53,3,1)=",",_xlfn.TEXTJOIN(".",FALSE,MID(H53,1,2),MID(H53,4,LEN(H53)-3)),IF(MID(H53,4,1)=",",_xlfn.TEXTJOIN(".",FALSE,MID(H53,1,3),MID(H53,5,LEN(H53)-4)),IF(MID(H53,5,1)=",",_xlfn.TEXTJOIN(".",FALSE,MID(H53,1,4),MID(H53,6,LEN(H53)-5)),H53)))) -> 13.24959533 | AL53: =IF(MID(I53,2,1)=",",_xlfn.TEXTJOIN(".",FALSE,MID(I53,1,1),MID(I53,3,LEN(I53)-2)),IF(MID(I53,3,1)=",",_xlfn.TEXTJOIN(".",FALSE,MID(I53,1,2),MID(I53,4,LEN(I53)-3)),IF(MID(I53,4,1)=",",_xlfn.TEXTJOIN(".",FALSE,MID(I53,1,3),MID(I53,5,LEN(I53)-4)),IF(MID(I53,5,1)=",",_xlfn.TEXTJOIN(".",FALSE,MID(I53,1,4),MID(I53,6,LEN(I53)-5)),I53)))) -> 264.9810979 | AM53: =IF(MID(J53,2,1)=",",_xlfn.TEXTJOIN(".",FALSE,MID(J53,1,1),MID(J53,3,LEN(J53)-2)),IF(MID(J53,3,1)=",",_xlfn.TEXTJOIN(".",FALSE,MID(J53,1,2),MID(J53,4,LEN(J53)-3)),IF(MID(J53,4,1)=",",_xlfn.TEXTJOIN(".",FALSE,MID(J53,1,3),MID(J53,5,LEN(J53)-4)),IF(MID(J53,5,1)=",",_xlfn.TEXTJOIN(".",FALSE,MID(J53,1,4),MID(J53,6,LEN(J53)-5)),J53)))) -> 2633.783518 | AN53: =IF(MID(K53,2,1)=",",_xlfn.TEXTJOIN(".",FALSE,MID(K53,1,1),MID(K53,3,LEN(K53)-2)),IF(MID(K53,3,1)=",",_xlfn.TEXTJOIN(".",FALSE,MID(K53,1,2),MID(K53,4,LEN(K53)-3)),IF(MID(K53,4,1)=",",_xlfn.TEXTJOIN(".",FALSE,MID(K53,1,3),MID(K53,5,LEN(K53)-4)),IF(MID(K53,5,1)=",",_xlfn.TEXTJOIN(".",FALSE,MID(K53,1,4),MID(K53,6,LEN(K53)-5)),K53)))) -> 900.774952 | AO53: =IF(MID(L53,2,1)=",",_xlfn.TEXTJOIN(".",FALSE,MID(L53,1,1),MID(L53,3,LEN(L53)-2)),IF(MID(L53,3,1)=",",_xlfn.TEXTJOIN(".",FALSE,MID(L53,1,2),MID(L53,4,LEN(L53)-3)),IF(MID(L53,4,1)=",",_xlfn.TEXTJOIN(".",FALSE,MID(L53,1,3),MID(L53,5,LEN(L53)-4)),IF(MID(L53,5,1)=",",_xlfn.TEXTJOIN(".",FALSE,MID(L53,1,4),MID(L53,6,LEN(L53)-5)),L53)))) -> 14.91868539 | AP53: =IF(MID(M53,2,1)=",",_xlfn.TEXTJOIN(".",FALSE,MID(M53,1,1),MID(M53,3,LEN(M53)-2)),IF(MID(M53,3,1)=",",_xlfn.TEXTJOIN(".",FALSE,MID(M53,1,2),MID(M53,4,LEN(M53)-3)),IF(MID(M53,4,1)=",",_xlfn.TEXTJOIN(".",FALSE,MID(M53,1,3),MID(M53,5,LEN(M53)-4)),IF(MID(M53,5,1)=",",_xlfn.TEXTJOIN(".",FALSE,MID(M53,1,4),MID(M53,6,LEN(M53)-5)),M53)))) -> 264.9810979 | ... BJ53: =IF(MID(AG53,2,1)=",",_xlfn.TEXTJOIN(".",FALSE,MID(AG53,1,1),MID(AG53,3,LEN(AG53)-2)),IF(MID(AG53,3,1)=",",_xlfn.TEXTJOIN(".",FALSE,MID(AG53,1,2),MID(AG53,4,LEN(AG53)-3)),IF(MID(AG53,4,1)=",",_xlfn.TEXTJOIN(".",FALSE,MID(AG53,1,3),MID(AG53,5,LEN(AG53)-4)),IF(MID(AG53,5,1)=",",_xlfn.TEXTJOIN(".",FALSE,MID(AG53,1,4),MID(AG53,6,LEN(AG53)-5)),AG53)))) -> 3.400439747
